Client_No,fname,lname,prefType,street,city,country,postcode,Gender,tel_no,maxrent,client_type_id
1116,Sin,Pernal,Condo,201 Anarkali,Makhan,USA,27493,M,8089862676,3850,3
2085,Mark,Essarni,Mall,121 Bas aik,Miami,USA,22102,F,7570819086,3150,2
1401,Funter,Tukuja,Mall,101 Bakra mandi,Makhan,USA,42703,M,8390814981,3750,2
2009,Sin,Tukuja,Apt,151 Mera surakh,Makhan,USA,12974,F,8518420325,3800,3
1301,Ganja,Faqeer,Condo,102 Randi bazaar,Medina,USA,37346,M,6576233001,4650,2
2148,land,Khan,Restaurant,151 Mera surakh,Miami,USA,32166,F,6839893273,3750,2
1524,Sin,Essarni,Condo,201 Anarkali,Nasha,USA,47029,F,7905660097,1100,2
940,Park,Kinara,Mall,100 chugtai st,Medina,USA,84946,M,5280016280,4600,2
1747,John,Bakra,Restaurant,102 Randi bazaar,Miami,USA,65153,F,6457619308,4250,2
1701,Junoob,Faqeer,Apt,131 Lo maan liya,Boston,USA,32103,M,2708870747,4750,1
2001,Ganja,Burka,Villa,131 Rungi St,Makhan,USA,20868,M,7876131245,4000,2
2112,land,Faqeer,Condo,Mere phudda st,Indianapolis,USA,61980,M,3201921000,1600,1
2336,Mark,ZUhair,Restaurant,131 Lo maan liya,Charlotte,USA,61184,F,2007338871,4500,2
2267,Kancha,Zunda,Apt,131 Rungi St,Orlando,USA,51857,M,3404540445,2300,3
1833,bhrawe,Chait,House,2001 Bajrangi,Minneapolis,USA,33624,M,5238303885,2600,1
831,char,Balami,Condo,201 Anarkali,Charlotte,USA,48630,M,7043400439,2050,3
2214,Junoob,Jung,Villa,102 Randi bazaar,Elk River,USA,33613,M,4388152287,1700,2
2474,Mark,ZUhair,Restaurant,100 chugtai st,Rochester,USA,60942,F,6445092786,3050,1
2369,Ganja,Faqeer,Restaurant,151 Mera surakh,Westfield,USA,52685,M,8933845889,2250,1
28,mere,Pernal,Apt,101 Bakra mandi,Rochester,USA,79648,M,6839553668,2100,3
1222,Bravo,Faqeer,Restaurant,101 Bakra mandi,Boston,USA,52005,M,3412878048,3700,2
2363,Mark,Chauy,Condo,101 Bakra mandi,Orlando,USA,56028,M,3513146719,4650,3
2513,Bravo,landa,Mall,102 Randi bazaar,Vegas,USA,57367,F,3136806170,3900,3
2016,Kancha,Zunda,House,131 Lo maan liya,Vegas,USA,28916,M,2143832253,2950,1
132,mere,Crus,Villa,100 chugtai st,Elk River,USA,71658,M,6706048838,2700,2
1316,Junoob,Bakra,Apt,100 chugtai st,Orlando,USA,20175,F,8669827573,4050,1
265,char,Crus,Mall,100 chugtai st,Charlotte,USA,21119,M,7461417446,2050,2
1788,Funter,Essarni,Mall,101 Bakra mandi,Elk River,USA,83238,F,8157175541,4550,3
151,Funter,Balami,House,131 Rungi St,Westfield,USA,52672,F,2046575863,3850,2
1498,Junoob,Kinara,Villa,121 Bas aik,Nasha,USA,38352,F,8999572813,1100,1
2536,Park,Burka,House,102 Randi bazaar,Tampa,USA,38301,F,4733215910,4200,2
207,land,Bakra,Condo,101 Bakra mandi,Minneapolis,USA,76487,M,8493970395,3000,3
180,Sin,Bakra,Restaurant,201 Anarkali,Nasha,USA,48337,M,4851757286,2000,1
695,Sin,Pernal,House,131 Lo maan liya,Minneapolis,USA,61211,M,5868107120,4500,3
2970,Sanab,Bakra,Restaurant,151 Mera surakh,Boston,USA,86002,M,4683824882,3650,2
2992,Junoob,Essarni,House,131 Rungi St,Makhan,USA,70340,M,4235963112,4100,2
982,Sanab,landa,Mall,2001 Bajrangi,Minneapolis,USA,20806,F,6140491795,3350,2
1472,Kancha,Tukuja,House,100 chugtai st,Sharon,USA,22574,F,7340584005,2150,1
789,Funter,Jung,Mall,131 Rungi St,Tampa,USA,75671,M,6768612477,3150,1
359,char,Tukuja,House,Mere phudda st,Boston,USA,32056,M,4211043246,2250,3
422,Funter,Zunda,Villa,201 Anarkali,Karachi,USA,72793,F,7291843877,4650,3
377,land,Kinara,Mall,151 Mera surakh,Charlotte,USA,41080,M,8589027203,1100,3
2666,Junoob,Essarni,Condo,121 Bas aik,Makhan,USA,26460,M,7184780391,1900,3
1346,land,Essarni,House,121 Bas aik,Tampa,USA,43328,M,3317833159,2400,2
2684,Mark,Tukuja,Restaurant,100 chugtai st,Nasha,USA,69945,M,3903324396,3500,2
2611,Sin,Chait,Villa,102 Randi bazaar,Vegas,USA,89990,M,6182793916,1200,2
1666,Chutia,Khan,Condo,131 Lo maan liya,Charlotte,USA,14416,M,5273588809,3550,2
1847,Bravo,Chauy,Villa,121 Bas aik,Minneapolis,USA,66728,F,3621987228,2950,3
1744,Ganja,landa,Mall,101 Bakra mandi,Minneapolis,USA,37885,F,2839221948,2050,2
1656,Junoob,Faqeer,Restaurant,201 Anarkali,Minneapolis,USA,28536,M,6261524250,3650,2
887,John,Crus,House,151 Mera surakh,Makhan,USA,70189,M,8582495439,3800,2
561,Sanab,Bakra,Villa,101 Bakra mandi,Tampa,USA,37716,F,3989349050,1400,3
487,Ganja,Burka,Mall,101 Bakra mandi,Vegas,USA,60290,F,7034749081,2150,3
1835,Bravo,Kinara,House,131 Rungi St,Minneapolis,USA,47969,M,7089469223,3650,2
1204,land,Pernal,Villa,102 Randi bazaar,Orlando,USA,69919,F,7184313855,3850,1
310,Sanab,Essarni,Villa,131 Rungi St,Boston,USA,21646,M,4807643319,1200,2
621,John,Khan,Villa,201 Anarkali,Indianapolis,USA,43089,M,6717228424,3500,3
1559,land,THota,House,121 Bas aik,Vegas,USA,23334,F,3994402715,1650,1
2838,Chutia,Khan,Villa,Mere phudda st,Sharon,USA,86374,M,6947960154,4450,2
942,John,Kinara,Villa,Mere phudda st,Karachi,USA,82020,M,4439991086,2150,3
1857,Park,THota,Apt,131 Lo maan liya,Indianapolis,USA,35198,F,7343546642,3900,1
852,Park,Burka,Restaurant,100 chugtai st,Orlando,USA,23160,F,5355637135,3350,2
2992,Sanab,Bakra,Apt,131 Lo maan liya,Tampa,USA,51418,F,6495842785,3050,1
971,Sin,Balami,Villa,100 chugtai st,Charlotte,USA,53788,F,4199868393,3050,2
2412,land,Kinara,Villa,131 Rungi St,Minneapolis,USA,52864,M,4645802622,3400,3
1232,Chand,Crus,Villa,201 Anarkali,Karachi,USA,11666,F,2159933353,2650,3
1006,Junoob,Burka,Restaurant,131 Rungi St,Boston,USA,69146,M,4866251822,4450,1
750,mere,Crus,Condo,102 Randi bazaar,Orlando,USA,62191,M,7013571369,4000,2
2485,Ganja,Pernal,Villa,Mere phudda st,Tampa,USA,46532,M,2137676317,1250,3
2896,Kancha,Essarni,Restaurant,131 Lo maan liya,Medina,USA,72473,F,6185100862,3150,3
708,Sins,ZUhair,Villa,101 Bakra mandi,Makhan,USA,21311,F,5257877208,3250,1
1381,Sanab,Burka,Apt,102 Randi bazaar,Westfield,USA,30092,F,8854681056,4050,3
1674,Randi,Jung,Restaurant,131 Rungi St,Boston,USA,88236,M,7551054789,4050,2
710,Chand,Chait,Villa,201 Anarkali,Indianapolis,USA,34782,F,3259591757,4200,1
383,Randi,ZUhair,Restaurant,100 chugtai st,Medina,USA,11898,M,7757720414,2550,1
32,Phuddi,Faqeer,Condo,102 Randi bazaar,Sharon,USA,23667,M,2725770505,2000,1
998,Chutia,Balami,Villa,151 Mera surakh,Charlotte,USA,22528,M,8564167616,1300,2
107,Sins,Essarni,Mall,101 Bakra mandi,Miami,USA,85322,F,4365935787,1150,3
2471,Park,Tukuja,Condo,102 Randi bazaar,Charlotte,USA,16301,F,2568653474,2200,2
2052,Chutia,Mukher,Villa,121 Bas aik,Sharon,USA,86838,F,5170617270,1750,3
136,Sins,Mukher,Apt,201 Anarkali,Karachi,USA,53456,M,7225325872,1050,2
432,Chutia,Tukuja,Restaurant,Mere phudda st,Miami,USA,38439,F,8438414532,1400,1
1243,Chand,Burka,Condo,201 Anarkali,Elk River,USA,61763,M,8451149194,3950,1
1503,Phuddi,ZUhair,Mall,100 chugtai st,Miami,USA,58372,F,3289768257,4250,3
312,Sin,Tukuja,Condo,121 Bas aik,Karachi,USA,31094,M,3556811784,4300,2
1458,Mark,Khan,Apt,131 Lo maan liya,Westfield,USA,49330,F,4937901622,1950,2
364,Chutia,Zunda,Villa,101 Bakra mandi,Westfield,USA,71317,F,4578636857,3250,3
877,Ganja,Chait,Restaurant,100 chugtai st,Karachi,USA,56585,F,3062626213,4900,2
963,Sin,Essarni,Villa,131 Lo maan liya,Nasha,USA,44984,M,3978129092,3650,2
550,Sin,Kinara,House,Mere phudda st,Rochester,USA,75630,F,4521143415,2500,2
986,Funter,Mukher,Apt,151 Mera surakh,Westfield,USA,40631,M,4528809136,4100,1
1701,mere,Balami,Restaurant,102 Randi bazaar,Medina,USA,23184,M,2919048072,4850,3
1412,Ganja,ZUhair,Restaurant,151 Mera surakh,Sharon,USA,46355,M,6284175991,4900,2
1087,mere,Bakra,House,121 Bas aik,Orlando,USA,68635,F,4354690673,3100,2
1513,mere,landa,Condo,151 Mera surakh,Tampa,USA,28781,F,5182541132,1900,2
176,Mark,Jung,Villa,151 Mera surakh,Orlando,USA,77314,F,2012938386,3100,1
1378,Phuddi,landa,Restaurant,Mere phudda st,Boston,USA,58326,M,2172474915,1150,2
855,Sins,Crus,Mall,102 Randi bazaar,Orlando,USA,41523,F,5044390268,3550,1
2155,Funter,Pernal,Condo,2001 Bajrangi,Tampa,USA,66341,M,8065479541,3700,3
205,Funter,Kinara,Restaurant,131 Rungi St,Orlando,USA,57032,F,6403386195,4500,3
950,Junoob,THota,Apt,2001 Bajrangi,Orlando,USA,39455,M,3825683657,3450,1
2499,char,Essarni,Mall,102 Randi bazaar,Medina,USA,35438,M,7325206752,4250,1
2234,Kancha,Chauy,Villa,121 Bas aik,Minneapolis,USA,78673,M,5805839597,4300,3
2868,Sanab,Burka,Restaurant,121 Bas aik,Medina,USA,60538,M,6271870389,1850,2
2852,mere,Essarni,House,131 Lo maan liya,Miami,USA,44530,M,3803211698,4550,2
2119,char,Balami,Mall,201 Anarkali,Westfield,USA,66979,F,7799569295,4850,1
608,Sanab,Burka,Villa,121 Bas aik,Makhan,USA,53897,F,6193261096,4900,1
2303,Funter,Faqeer,Condo,100 chugtai st,Charlotte,USA,59244,M,2734345288,4550,3
290,Sins,Chait,Restaurant,2001 Bajrangi,Nasha,USA,68529,F,3643599298,2600,1
1171,Kancha,Tukuja,Mall,Mere phudda st,Charlotte,USA,34745,F,8162382185,2100,1
141,Funter,Jung,Villa,Mere phudda st,Miami,USA,77438,M,7445821882,3250,1
1030,Sin,Essarni,Condo,102 Randi bazaar,Medina,USA,56825,M,3708595499,1100,2
1485,Sins,Mukher,Condo,201 Anarkali,Sharon,USA,78214,M,3813635663,2250,1
2487,Ganja,Chauy,House,201 Anarkali,Vegas,USA,30692,F,5153902911,4350,2
1739,Bravo,THota,House,2001 Bajrangi,Indianapolis,USA,21822,F,8271318250,2550,3
132,char,Balami,Apt,201 Anarkali,Westfield,USA,39350,M,5290998736,3550,2
2506,Mark,Mukher,Condo,102 Randi bazaar,Tampa,USA,22810,M,7386249875,2300,3
1896,Mark,Bakra,Restaurant,201 Anarkali,Charlotte,USA,54459,F,4474490268,3200,2
2477,Kancha,Pernal,Condo,Mere phudda st,Karachi,USA,77058,M,7084870964,2350,2
1953,Kancha,Chauy,Apt,102 Randi bazaar,Boston,USA,58214,F,3671187778,1350,1
1617,Sins,Khan,House,102 Randi bazaar,Vegas,USA,59883,M,8752272377,4250,2
39,char,Chait,Condo,131 Rungi St,Karachi,USA,36294,M,7500845821,3250,3
1054,Chutia,THota,Condo,100 chugtai st,Karachi,USA,63914,M,3735668076,4100,1
1657,Phuddi,Chait,Condo,101 Bakra mandi,Makhan,USA,40130,F,4964135229,1700,3
580,Sins,Crus,House,151 Mera surakh,Makhan,USA,17765,M,7691436132,2500,3
2555,Sins,Chauy,House,131 Rungi St,Medina,USA,39504,M,8096499248,1450,3
1152,Kancha,Tukuja,Condo,2001 Bajrangi,Westfield,USA,64532,F,5042791261,3250,2
776,Phuddi,ZUhair,Mall,101 Bakra mandi,Makhan,USA,84955,M,4290332177,2350,2
2014,Chand,Chait,Condo,121 Bas aik,Sharon,USA,76072,F,6383931796,4600,2
1648,Ganja,Pernal,Condo,131 Rungi St,Tampa,USA,23883,M,2751031508,4450,3
1478,Bravo,Zunda,Condo,131 Lo maan liya,Charlotte,USA,48546,M,4019098843,3600,1
2194,land,THota,Condo,100 chugtai st,Tampa,USA,37985,M,7911416240,1250,3
2174,Sin,Jung,Mall,Mere phudda st,Medina,USA,21718,F,8140450594,3400,1
1270,Sanab,Bakra,Villa,201 Anarkali,Orlando,USA,68014,F,3147549923,2450,1
1532,bhrawe,Zunda,Restaurant,Mere phudda st,Rochester,USA,65132,M,8340914950,2950,3
846,land,Pernal,Apt,131 Lo maan liya,Boston,USA,53282,M,7693273625,1350,3
714,Kancha,Balami,Mall,2001 Bajrangi,Orlando,USA,35255,F,3687441327,1950,1
1162,Sins,landa,Condo,131 Rungi St,Boston,USA,74546,M,7553674497,3750,1
238,Bravo,Faqeer,Restaurant,131 Rungi St,Rochester,USA,12244,M,8822118419,4550,2
2929,Ganja,Crus,House,131 Lo maan liya,Boston,USA,75636,F,5835490721,3150,3
2849,Bravo,THota,Mall,101 Bakra mandi,Karachi,USA,77591,F,8928035816,4350,2
914,bhrawe,Jung,Apt,131 Rungi St,Sharon,USA,21166,M,6039159414,2100,1
114,Junoob,Essarni,Condo,Mere phudda st,Tampa,USA,29215,F,2959345358,1100,2
2542,Sin,Pernal,House,100 chugtai st,Orlando,USA,83710,M,2701480207,2100,1
406,Funter,landa,Villa,151 Mera surakh,Rochester,USA,43677,F,2742411861,3600,1
1310,Randi,Burka,Villa,201 Anarkali,Charlotte,USA,60627,F,8295773529,2550,2
2737,John,Essarni,Condo,151 Mera surakh,Westfield,USA,58809,M,2949185575,1200,3
926,Kancha,Balami,Restaurant,2001 Bajrangi,Miami,USA,36146,M,2790779316,3050,2
1791,Sin,Balami,Apt,131 Lo maan liya,Vegas,USA,64124,M,7672038867,4950,2
1681,Bravo,Khan,Mall,101 Bakra mandi,Boston,USA,62240,M,6348291550,3150,2
2183,Sin,Chait,House,131 Lo maan liya,Vegas,USA,13520,M,4361166845,2550,1
2259,Chand,Zunda,Villa,151 Mera surakh,Westfield,USA,69214,M,3537815918,2850,1
1224,Kancha,Jung,Restaurant,121 Bas aik,Minneapolis,USA,83368,F,5311452456,3300,1
1192,Chand,THota,Villa,201 Anarkali,Tampa,USA,50165,M,3215842546,4700,2
2603,mere,Crus,Apt,201 Anarkali,Boston,USA,70273,M,5206068903,4750,1
435,Randi,Kinara,Condo,131 Lo maan liya,Tampa,USA,49968,F,6714418057,1850,3
2848,Junoob,Khan,House,201 Anarkali,Vegas,USA,26548,F,6101588478,1850,1
1981,Mark,Essarni,Mall,100 chugtai st,Rochester,USA,86758,F,3883838483,2600,1
903,Bravo,Bakra,Condo,201 Anarkali,Rochester,USA,16432,F,6523315057,4700,1
1557,Kancha,Khan,Apt,131 Lo maan liya,Vegas,USA,49926,F,8887688727,2550,3
1679,Bravo,Jung,Apt,2001 Bajrangi,Indianapolis,USA,13409,F,4621822478,1700,1
4,char,Chauy,House,102 Randi bazaar,Charlotte,USA,76573,F,5400236578,1050,2
2413,Bravo,Jung,Condo,121 Bas aik,Charlotte,USA,39776,M,2325864172,2900,2
472,Sin,Jung,House,100 chugtai st,Medina,USA,77690,M,6629144207,4050,1
2160,Phuddi,Khan,Apt,131 Rungi St,Orlando,USA,70525,M,4784935860,4000,3
257,Sins,ZUhair,Condo,100 chugtai st,Tampa,USA,49552,M,7910750263,3750,3
1059,mere,THota,Restaurant,121 Bas aik,Elk River,USA,19922,F,4854000534,4000,3
1161,bhrawe,Faqeer,Villa,201 Anarkali,Charlotte,USA,58713,M,5487251098,1250,1
2817,Ganja,Chauy,Condo,101 Bakra mandi,Nasha,USA,50460,F,3942209192,4250,2
650,Randi,Burka,Condo,131 Lo maan liya,Vegas,USA,16652,F,7872791890,4250,2
353,Sanab,ZUhair,House,100 chugtai st,Miami,USA,69473,M,8684866690,1400,3
1461,Bravo,Burka,Condo,131 Lo maan liya,Rochester,USA,51080,F,5800012042,2000,2
1026,Ganja,Essarni,Apt,201 Anarkali,Rochester,USA,27069,F,2311168464,2600,1
2022,Park,Khan,Restaurant,201 Anarkali,Charlotte,USA,35735,F,6389202353,1100,2
1396,Sanab,Bakra,Mall,151 Mera surakh,Minneapolis,USA,22566,F,2314553737,4850,3
2699,Park,Essarni,Restaurant,2001 Bajrangi,Medina,USA,38284,F,7533952521,3400,3
2567,bhrawe,Faqeer,Apt,100 chugtai st,Vegas,USA,71769,M,3745263120,2350,2
2500,Chand,landa,Apt,100 chugtai st,Charlotte,USA,33312,F,3622412136,3800,1
2295,Phuddi,Balami,House,2001 Bajrangi,Miami,USA,18466,M,2001393218,2150,3
2421,Funter,Tukuja,Restaurant,121 Bas aik,Miami,USA,73329,M,7217008902,4250,2
2931,Chutia,ZUhair,Mall,151 Mera surakh,Orlando,USA,83627,F,5594333847,3500,1
1220,Randi,Crus,House,131 Rungi St,Karachi,USA,78429,F,4556379619,4100,3
2118,Sanab,Balami,Condo,Mere phudda st,Westfield,USA,59366,F,5354025125,1700,2
2329,Phuddi,Balami,House,100 chugtai st,Karachi,USA,22039,F,3978748437,1450,2
1293,bhrawe,Jung,House,131 Lo maan liya,Boston,USA,22519,F,8792700980,4150,2
550,Sins,Chait,Condo,2001 Bajrangi,Vegas,USA,64161,M,2189699290,2550,2
1022,bhrawe,Mukher,Mall,121 Bas aik,Vegas,USA,35278,M,6099012487,2450,1
87,John,Chauy,Villa,131 Rungi St,Elk River,USA,51719,M,7458391219,3600,3
1384,Randi,Essarni,Restaurant,131 Rungi St,Westfield,USA,14396,F,3112325613,1650,2
900,John,Burka,Condo,201 Anarkali,Medina,USA,19690,M,2580102638,1500,3
2491,Junoob,Tukuja,Apt,101 Bakra mandi,Charlotte,USA,75674,M,8320972501,1800,2
77,bhrawe,Pernal,Condo,131 Lo maan liya,Boston,USA,63960,M,4270148477,3150,1
56,Sin,THota,Restaurant,131 Lo maan liya,Rochester,USA,17751,M,6128358389,3800,1
53,Sins,Tukuja,Condo,151 Mera surakh,Westfield,USA,32515,M,7074840112,2500,3
1082,Kancha,Chauy,Condo,2001 Bajrangi,Westfield,USA,20252,M,8510622378,1750,3
2434,Funter,ZUhair,Mall,102 Randi bazaar,Minneapolis,USA,30644,F,8453620666,1400,1
591,Randi,Kinara,Villa,121 Bas aik,Charlotte,USA,74897,M,3250259299,2600,2
2315,Mark,Tukuja,Apt,131 Rungi St,Nasha,USA,71953,F,3461889532,4550,2
2423,char,Essarni,House,131 Rungi St,Orlando,USA,67752,M,6117157788,3550,3
156,mere,Tukuja,Restaurant,121 Bas aik,Indianapolis,USA,65772,F,4018882494,3750,2
2151,Mark,Zunda,Condo,121 Bas aik,Miami,USA,42159,F,6850955660,2000,2
216,mere,Essarni,Villa,Mere phudda st,Sharon,USA,47497,M,8245019436,4750,3
2888,bhrawe,Tukuja,Villa,151 Mera surakh,Orlando,USA,77412,F,2292659391,4850,2
2942,Ganja,Crus,Mall,121 Bas aik,Karachi,USA,65870,F,5174514001,1150,3
172,mere,Kinara,Restaurant,2001 Bajrangi,Orlando,USA,36033,M,7011214410,1100,3
2559,John,THota,Restaurant,100 chugtai st,Orlando,USA,41263,F,6704093205,4200,3
2893,Junoob,Burka,Mall,2001 Bajrangi,Elk River,USA,23071,M,7489594876,4100,2
2330,Mark,ZUhair,House,2001 Bajrangi,Makhan,USA,73787,M,5121990037,1600,3
1415,Junoob,Burka,Restaurant,131 Lo maan liya,Miami,USA,38022,M,4135999266,3350,2
1600,Park,Bakra,House,100 chugtai st,Charlotte,USA,42938,M,4034576235,4500,3
1120,Park,Essarni,House,121 Bas aik,Nasha,USA,78869,M,3468076763,3700,2
91,Chutia,Crus,Condo,121 Bas aik,Nasha,USA,52439,M,7248420813,2800,1
426,Randi,Balami,Apt,101 Bakra mandi,Boston,USA,57557,M,5145560749,3450,2
2992,Chand,Pernal,Mall,2001 Bajrangi,Sharon,USA,10291,M,2152045288,4600,3
2007,land,ZUhair,Villa,Mere phudda st,Nasha,USA,49945,M,2384246452,1150,1
2175,Junoob,Bakra,House,131 Rungi St,Medina,USA,58509,M,6306989863,4400,1
2531,Mark,Bakra,House,131 Lo maan liya,Minneapolis,USA,77640,M,3015863106,2450,3
2460,Randi,Kinara,Villa,131 Rungi St,Tampa,USA,86566,M,3129445180,3850,3
548,Ganja,Chauy,Restaurant,2001 Bajrangi,Charlotte,USA,77496,M,2514616484,4150,2
1042,Sanab,Zunda,Villa,131 Rungi St,Karachi,USA,37450,F,5313929136,3250,1
2051,Randi,Faqeer,Mall,121 Bas aik,Rochester,USA,39644,F,3929714073,1850,3
1999,Bravo,Khan,Apt,101 Bakra mandi,Minneapolis,USA,36047,M,4059061938,3900,3
2909,char,Burka,Villa,131 Lo maan liya,Minneapolis,USA,76031,M,8450182370,1550,3
2669,John,Balami,Villa,131 Lo maan liya,Westfield,USA,77161,F,2043321178,1650,3
2272,Sanab,Pernal,Mall,131 Rungi St,Charlotte,USA,31612,M,3534490807,4450,1
2054,Kancha,Balami,Restaurant,201 Anarkali,Charlotte,USA,58294,F,5960510714,2900,1
2906,John,Faqeer,Mall,102 Randi bazaar,Indianapolis,USA,25166,F,6845577210,1900,1
1621,Chutia,Zunda,Apt,100 chugtai st,Indianapolis,USA,47404,M,3778155265,2050,1
428,John,Chait,Apt,102 Randi bazaar,Makhan,USA,28351,M,2065163804,3900,3
1549,bhrawe,Balami,Apt,100 chugtai st,Vegas,USA,21545,M,3607300389,1000,3
2510,Ganja,Tukuja,House,131 Rungi St,Rochester,USA,47348,F,4222927503,4300,2
1925,mere,Pernal,House,101 Bakra mandi,Rochester,USA,16282,F,4872441933,1900,3
1686,Sanab,Tukuja,Restaurant,100 chugtai st,Indianapolis,USA,55763,M,2393652865,1450,1
675,Chand,Tukuja,House,131 Lo maan liya,Rochester,USA,18520,F,2685801664,3900,1
1698,Ganja,Khan,Condo,102 Randi bazaar,Vegas,USA,16786,F,8745261851,3550,1
2757,Chand,ZUhair,Restaurant,121 Bas aik,Minneapolis,USA,59285,M,3764095147,3550,3
1278,Kancha,ZUhair,Villa,131 Lo maan liya,Karachi,USA,77234,F,7321144086,2850,2
1947,Chutia,Kinara,Mall,121 Bas aik,Orlando,USA,17805,F,4492689920,1600,2
2977,John,Burka,House,101 Bakra mandi,Sharon,USA,47918,F,6517361425,1750,1
894,Mark,landa,Mall,131 Rungi St,Indianapolis,USA,29834,F,4921913850,1000,1
2657,Chand,THota,Condo,102 Randi bazaar,Charlotte,USA,11226,M,6898717303,2950,2
1871,Randi,Tukuja,Villa,201 Anarkali,Miami,USA,25944,F,8639245296,4150,1
1061,Junoob,Zunda,Villa,151 Mera surakh,Karachi,USA,86800,F,5790500963,1250,2
2854,Bravo,Bakra,Villa,201 Anarkali,Sharon,USA,70644,F,3664703017,4250,1
1576,Chand,THota,Villa,Mere phudda st,Sharon,USA,57896,M,4376897617,3200,1
1460,Sin,Chauy,Mall,131 Lo maan liya,Miami,USA,68262,M,8008491697,1250,3
2238,Sanab,Mukher,House,131 Rungi St,Boston,USA,34802,M,2834333610,2150,3
1286,Sin,landa,Villa,121 Bas aik,Tampa,USA,11970,M,3326997187,2850,3
2988,John,Burka,Villa,100 chugtai st,Miami,USA,65723,F,6937684625,3550,3
1384,Phuddi,landa,Condo,151 Mera surakh,Indianapolis,USA,60646,M,5624412758,4100,2
1857,Sin,landa,House,2001 Bajrangi,Miami,USA,46685,F,5529910483,1650,1
1856,Park,Khan,Restaurant,102 Randi bazaar,Elk River,USA,68904,F,8424055911,1950,1
2107,land,Chait,Restaurant,151 Mera surakh,Westfield,USA,39809,M,5536987896,1250,2
1506,Bravo,Zunda,Mall,201 Anarkali,Nasha,USA,13716,F,8437726862,4100,3
2806,Chutia,Zunda,House,101 Bakra mandi,Westfield,USA,59313,M,2552434120,3500,1
1021,Bravo,Zunda,Villa,100 chugtai st,Nasha,USA,37862,M,7431177865,2550,2
2104,Phuddi,Tukuja,Condo,101 Bakra mandi,Medina,USA,14017,F,8859819273,1900,3
2371,char,Khan,Villa,151 Mera surakh,Rochester,USA,79117,M,6371798334,3400,1
1835,Kancha,Khan,Apt,131 Rungi St,Charlotte,USA,23221,F,5616158507,1950,1
2434,Mark,Kinara,Villa,100 chugtai st,Charlotte,USA,87991,F,8521072700,3800,1
1232,Phuddi,Chauy,Restaurant,102 Randi bazaar,Nasha,USA,20810,F,5539148272,2700,1
388,bhrawe,Chauy,Apt,131 Lo maan liya,Westfield,USA,80193,F,2008146530,3050,1
753,Chutia,landa,Condo,101 Bakra mandi,Miami,USA,26226,M,3087264508,2650,1
1016,Bravo,landa,Condo,201 Anarkali,Boston,USA,73022,M,5857345428,2700,2
2894,Sanab,Faqeer,House,2001 Bajrangi,Makhan,USA,54937,M,5477755553,4450,2
2224,John,THota,Villa,101 Bakra mandi,Sharon,USA,76193,F,4187974869,2500,2
1229,Junoob,Khan,Apt,131 Lo maan liya,Charlotte,USA,87272,M,6867205778,4850,3
1742,Park,Burka,House,151 Mera surakh,Vegas,USA,89444,F,4031370326,3750,3
2210,Sanab,ZUhair,Apt,Mere phudda st,Charlotte,USA,26100,M,5668704323,3050,3
715,Sin,Pernal,Restaurant,100 chugtai st,Orlando,USA,88010,M,4602300806,3600,3
1470,Kancha,Burka,Condo,101 Bakra mandi,Vegas,USA,38343,M,5379332436,4950,3
678,char,landa,House,Mere phudda st,Karachi,USA,58077,F,7607710504,2550,3
921,Bravo,Bakra,Apt,2001 Bajrangi,Rochester,USA,64605,M,7706789317,2550,2
2344,Park,landa,House,2001 Bajrangi,Elk River,USA,33157,M,2692427913,3700,1
1850,Ganja,Balami,Apt,100 chugtai st,Westfield,USA,16234,F,7397467165,1850,3
1870,Sins,THota,Villa,Mere phudda st,Vegas,USA,36755,M,3732212611,1550,2
361,Mark,landa,Apt,Mere phudda st,Vegas,USA,57385,M,3188087397,2150,3
1563,Sanab,Balami,Villa,2001 Bajrangi,Karachi,USA,65408,M,2632955962,1700,2
861,Sanab,Chait,House,121 Bas aik,Medina,USA,55885,M,2411478913,3250,1
2678,Kancha,Jung,Apt,102 Randi bazaar,Makhan,USA,60780,F,8595327206,4800,2
2549,char,Jung,Villa,Mere phudda st,Vegas,USA,31055,M,4901374892,3700,1
821,Sin,Jung,Villa,101 Bakra mandi,Rochester,USA,67551,F,3896266023,4900,2
2959,Ganja,Chait,Mall,Mere phudda st,Medina,USA,68043,F,7072197986,1750,2
388,Sin,Faqeer,Mall,2001 Bajrangi,Charlotte,USA,30928,F,3609081476,3450,1
1790,Kancha,Khan,Mall,131 Lo maan liya,Orlando,USA,37395,F,2676687686,2600,2
392,Sin,landa,Restaurant,101 Bakra mandi,Westfield,USA,42411,M,7908059193,4600,3
2044,Sin,Jung,Restaurant,2001 Bajrangi,Minneapolis,USA,81347,F,2405219894,2600,3
2760,mere,Essarni,Restaurant,Mere phudda st,Orlando,USA,37518,M,5847100308,4150,1
1793,John,Kinara,Restaurant,201 Anarkali,Medina,USA,34719,M,4720172710,1700,1
2731,Park,Mukher,Mall,131 Lo maan liya,Sharon,USA,28216,F,7426343226,4050,3
1707,Sins,Pernal,House,100 chugtai st,Sharon,USA,17890,F,7929830541,1350,2
1346,Bravo,Burka,House,121 Bas aik,Westfield,USA,32201,M,5876998674,4850,2
2938,Kancha,Chait,House,100 chugtai st,Charlotte,USA,13116,F,3055864202,4950,1
235,Bravo,Zunda,Restaurant,2001 Bajrangi,Westfield,USA,64330,F,5183459384,1250,2
2792,bhrawe,Pernal,Condo,2001 Bajrangi,Makhan,USA,52787,M,7806343350,1650,1
854,Ganja,Faqeer,Mall,100 chugtai st,Karachi,USA,46174,M,8488467932,1750,2
2595,Sins,landa,Mall,201 Anarkali,Medina,USA,52876,F,5232634445,3350,2
360,Phuddi,Balami,Villa,2001 Bajrangi,Minneapolis,USA,20087,F,3771752217,1500,2
972,Ganja,THota,Mall,101 Bakra mandi,Westfield,USA,54590,M,6180178955,3400,1
2899,Sin,Chauy,Mall,2001 Bajrangi,Vegas,USA,28202,M,5273628222,4100,3
2011,Phuddi,Faqeer,Mall,131 Rungi St,Nasha,USA,85746,M,5639560839,3450,1
2237,Mark,Kinara,Condo,131 Rungi St,Boston,USA,20530,M,2398939302,2050,1
2003,Bravo,Crus,Mall,131 Lo maan liya,Sharon,USA,17318,M,3963447493,4500,3
60,Chand,Essarni,Villa,101 Bakra mandi,Nasha,USA,73537,F,6430529370,4450,3
1493,Sanab,THota,House,121 Bas aik,Makhan,USA,33788,M,8888463462,2500,1
330,Ganja,landa,Villa,102 Randi bazaar,Orlando,USA,54292,M,6632061628,4000,2
2801,Sanab,Pernal,Apt,101 Bakra mandi,Rochester,USA,33689,F,3138866866,2100,2
1020,Mark,Jung,House,121 Bas aik,Vegas,USA,74710,F,4591371450,4250,2
1610,Mark,Zunda,House,151 Mera surakh,Elk River,USA,46447,F,5566840976,4500,1
1043,Ganja,Chauy,Villa,201 Anarkali,Rochester,USA,36065,F,7988665055,2800,1
1406,char,Chauy,Condo,Mere phudda st,Vegas,USA,35937,M,4914444055,2500,3
1049,mere,Khan,Apt,131 Lo maan liya,Sharon,USA,53342,F,3643536052,2550,2
1074,Sin,Burka,Mall,102 Randi bazaar,Boston,USA,27636,M,6200148352,3250,2
1045,mere,Faqeer,Condo,2001 Bajrangi,Tampa,USA,72995,F,7700244652,3100,3
642,Chutia,Faqeer,Mall,102 Randi bazaar,Miami,USA,22237,F,8874423214,1950,1
2996,bhrawe,Jung,Mall,100 chugtai st,Charlotte,USA,83400,M,2893308631,3950,3
631,Kancha,Chauy,Apt,151 Mera surakh,Nasha,USA,14904,M,5537136948,4150,2
1499,Sins,Essarni,Mall,151 Mera surakh,Orlando,USA,57560,M,3720359578,3350,1
902,Phuddi,Mukher,Condo,Mere phudda st,Westfield,USA,70616,M,6069930456,3400,2
2668,Bravo,Chait,Restaurant,102 Randi bazaar,Minneapolis,USA,39440,F,5391030652,3450,2
2210,Sanab,Mukher,Restaurant,Mere phudda st,Westfield,USA,52186,M,5262044549,2100,2
23,Chutia,Tukuja,Apt,121 Bas aik,Makhan,USA,26093,M,5778274866,2950,3
1546,Junoob,Kinara,Apt,Mere phudda st,Indianapolis,USA,13395,M,3712303533,1600,2
1106,Phuddi,Chait,Villa,121 Bas aik,Boston,USA,77348,F,6246484948,2000,1
1797,Bravo,Faqeer,House,151 Mera surakh,Westfield,USA,23083,M,3909422552,4650,2
650,mere,Chauy,Apt,2001 Bajrangi,Orlando,USA,86188,M,2187918937,1050,3
132,char,Balami,Mall,100 chugtai st,Orlando,USA,37110,F,3830279803,3400,2
2048,char,landa,Restaurant,102 Randi bazaar,Sharon,USA,51957,F,2022803582,3800,1
468,Phuddi,ZUhair,House,201 Anarkali,Miami,USA,19087,F,6194140840,3850,3
895,Ganja,Khan,Mall,102 Randi bazaar,Minneapolis,USA,20189,F,7697115291,1850,3
2495,land,Tukuja,Restaurant,2001 Bajrangi,Indianapolis,USA,18642,M,6847461118,4800,3
2162,John,Tukuja,Restaurant,101 Bakra mandi,Elk River,USA,57456,F,3007672758,4600,3
801,Randi,landa,Mall,131 Rungi St,Rochester,USA,23225,F,3398045619,4300,3
2325,mere,Chauy,Apt,131 Lo maan liya,Boston,USA,46532,F,5534142036,3050,3
555,Sanab,Zunda,Mall,100 chugtai st,Elk River,USA,31561,M,2536453893,1850,2
1952,Chand,Chait,Restaurant,121 Bas aik,Karachi,USA,63271,M,4776254388,3550,2
816,bhrawe,THota,House,201 Anarkali,Nasha,USA,72200,M,4878212816,2650,2
52,Chand,landa,Condo,102 Randi bazaar,Boston,USA,73652,F,6262090808,2250,2
14,Park,Tukuja,Restaurant,100 chugtai st,Orlando,USA,64073,M,4251583411,2200,2
1042,Randi,Bakra,House,2001 Bajrangi,Makhan,USA,49163,M,3607939111,3450,2
85,Chutia,Pernal,House,102 Randi bazaar,Orlando,USA,68977,M,7599820277,3700,2
1293,Mark,Mukher,Mall,101 Bakra mandi,Miami,USA,19447,F,2437889448,3600,3
1816,char,ZUhair,Villa,151 Mera surakh,Elk River,USA,11148,F,3341875975,1750,3
2798,Sin,Khan,Mall,101 Bakra mandi,Nasha,USA,69450,F,2338378315,1350,2
22,John,landa,House,131 Lo maan liya,Karachi,USA,15051,F,7916277142,3600,3
2116,land,Chait,Mall,131 Rungi St,Miami,USA,34360,M,7463341499,4350,1
1516,Sanab,ZUhair,Mall,151 Mera surakh,Makhan,USA,53854,M,6277069795,3350,3
181,Kancha,ZUhair,Mall,131 Lo maan liya,Orlando,USA,37729,M,2401021515,2900,3
2637,Ganja,Khan,Apt,121 Bas aik,Minneapolis,USA,39053,F,6152924442,3550,3
2287,Sanab,Chait,House,100 chugtai st,Vegas,USA,68817,M,4531518104,4300,3
603,land,Khan,Apt,100 chugtai st,Nasha,USA,43916,M,4624011395,4050,1
2575,Sins,Khan,Restaurant,2001 Bajrangi,Karachi,USA,32775,M,7887768258,2050,2
1325,Bravo,landa,Apt,131 Rungi St,Karachi,USA,52888,M,6020038991,4150,1
1740,Phuddi,Zunda,House,131 Lo maan liya,Rochester,USA,83345,F,5891274039,4100,2
2720,Bravo,ZUhair,Mall,2001 Bajrangi,Rochester,USA,75494,M,4245033647,4550,1
1118,char,landa,Apt,151 Mera surakh,Makhan,USA,52845,M,5183112767,1450,1
1555,John,Crus,Villa,2001 Bajrangi,Minneapolis,USA,21041,M,7232641052,1700,3
2440,bhrawe,Zunda,House,131 Rungi St,Boston,USA,57103,F,2033245467,2650,2
200,John,Essarni,Apt,Mere phudda st,Sharon,USA,46236,F,6287038806,1000,3
2013,Sin,Kinara,Condo,121 Bas aik,Tampa,USA,10742,F,8613329683,1350,1
1576,Junoob,Mukher,House,131 Rungi St,Makhan,USA,18542,M,8895279100,2450,3
538,Ganja,Mukher,House,201 Anarkali,Elk River,USA,67543,F,8370726721,3450,2
466,Kancha,Crus,House,201 Anarkali,Karachi,USA,63278,M,7717614838,3700,2
1403,Sanab,Zunda,Apt,151 Mera surakh,Sharon,USA,87538,F,5342453874,3500,1
441,char,Kinara,Apt,Mere phudda st,Karachi,USA,78346,M,8167690448,4700,1
1669,char,Jung,Apt,201 Anarkali,Makhan,USA,65549,M,7849288686,1950,2
2770,Sanab,Balami,Apt,151 Mera surakh,Karachi,USA,70843,M,6184110822,3450,3
575,Sins,Faqeer,House,131 Rungi St,Vegas,USA,72721,M,4736434858,2650,1
1390,Bravo,Pernal,Condo,Mere phudda st,Orlando,USA,85337,M,4427329134,4100,2
1646,Ganja,Jung,Restaurant,131 Lo maan liya,Indianapolis,USA,28978,F,7705475320,3400,2
2028,land,Chauy,House,Mere phudda st,Karachi,USA,29574,F,3236523740,4650,2
1747,Phuddi,Bakra,Villa,151 Mera surakh,Nasha,USA,66647,M,4958846233,4150,3
2822,Funter,THota,Villa,102 Randi bazaar,Karachi,USA,60935,M,3935120291,4250,1
317,Sanab,Faqeer,Mall,121 Bas aik,Medina,USA,49838,M,7840521109,3500,2
1300,Junoob,Balami,Apt,131 Rungi St,Indianapolis,USA,76783,M,6881619306,1250,1
1059,Mark,Jung,House,131 Rungi St,Makhan,USA,36633,F,4782890016,2050,1
2725,Mark,Pernal,Restaurant,121 Bas aik,Charlotte,USA,72443,M,6463732681,4300,3
1091,Kancha,Burka,Mall,102 Randi bazaar,Medina,USA,20120,F,2982327664,1450,1
439,Sins,ZUhair,Apt,151 Mera surakh,Charlotte,USA,25753,M,8218277201,3050,2
2085,char,Mukher,Villa,Mere phudda st,Westfield,USA,16295,M,3517361020,4100,2
2766,char,Faqeer,Condo,151 Mera surakh,Karachi,USA,55676,F,6637482761,2050,2
458,Sins,Jung,Mall,151 Mera surakh,Makhan,USA,24545,F,8350461821,4250,1
478,Park,landa,Apt,100 chugtai st,Makhan,USA,84052,F,6587408014,4600,3
325,Randi,Pernal,Restaurant,201 Anarkali,Boston,USA,52519,F,8287746696,4600,2
1845,Ganja,Khan,Restaurant,151 Mera surakh,Charlotte,USA,12603,F,6960482425,2400,1
1777,Sins,Zunda,House,151 Mera surakh,Vegas,USA,35865,F,2512181234,1400,1
2704,mere,Faqeer,Apt,121 Bas aik,Miami,USA,44557,F,6644236515,4100,2
1633,Bravo,Chait,Mall,131 Lo maan liya,Indianapolis,USA,58062,F,2575544378,4400,3
1621,char,Pernal,Condo,100 chugtai st,Medina,USA,22562,F,6534212177,1050,2
699,Phuddi,THota,Apt,131 Rungi St,Karachi,USA,21449,M,4753943952,3950,3
2996,Chutia,Chauy,Restaurant,101 Bakra mandi,Tampa,USA,12598,F,6406017829,1350,1
546,Sins,landa,Mall,2001 Bajrangi,Boston,USA,53294,M,4431195004,1250,1
200,Bravo,Tukuja,Villa,201 Anarkali,Vegas,USA,27536,M,5371187357,2500,1
2414,John,Faqeer,Restaurant,131 Rungi St,Westfield,USA,48829,M,8485478511,1750,1
258,land,Essarni,Restaurant,201 Anarkali,Makhan,USA,35993,F,7843933798,4250,1
1937,Funter,Zunda,Mall,201 Anarkali,Rochester,USA,11069,F,2957094738,2200,2
1448,Sanab,Khan,Condo,131 Lo maan liya,Indianapolis,USA,89779,M,7345485717,1600,1
938,Kancha,Chauy,Condo,151 Mera surakh,Orlando,USA,84044,F,4412794777,1950,3
2570,Randi,Essarni,Mall,101 Bakra mandi,Boston,USA,87203,F,4336942294,4600,3
1267,Chand,Faqeer,House,131 Rungi St,Nasha,USA,17310,M,4179470531,2550,3
1937,Bravo,landa,Restaurant,201 Anarkali,Minneapolis,USA,65785,M,3304151363,3600,2
1039,Funter,Bakra,Apt,131 Rungi St,Minneapolis,USA,22285,F,6399824449,3650,1
2972,Phuddi,Zunda,Villa,201 Anarkali,Vegas,USA,68094,F,3257918085,4300,2
2951,land,landa,House,100 chugtai st,Makhan,USA,27525,F,7049678748,1600,1
2701,Ganja,Kinara,Mall,151 Mera surakh,Westfield,USA,31479,F,6884272711,4700,1
2003,Sin,Tukuja,House,151 Mera surakh,Rochester,USA,22553,F,5223842414,2600,1
959,bhrawe,Mukher,Condo,2001 Bajrangi,Karachi,USA,23772,F,6972581317,3150,1
1626,Sin,Jung,Apt,2001 Bajrangi,Orlando,USA,25335,F,3043715680,3800,3
524,Sin,Crus,Restaurant,Mere phudda st,Tampa,USA,81976,M,8236070764,1500,3
1430,Bravo,Pernal,Restaurant,Mere phudda st,Nasha,USA,35976,F,3506345412,1500,3
1690,Park,Kinara,Villa,121 Bas aik,Nasha,USA,78858,M,2718567546,1950,2
1437,Ganja,Pernal,Apt,2001 Bajrangi,Indianapolis,USA,27093,F,7102780817,2050,3
2491,char,Balami,Villa,2001 Bajrangi,Charlotte,USA,16075,M,5344863842,4900,3
2611,Chand,Bakra,Condo,121 Bas aik,Makhan,USA,78309,F,7027658061,1600,3
1799,Phuddi,THota,Restaurant,Mere phudda st,Tampa,USA,21965,M,6925749981,1800,2
2328,Sanab,Burka,Apt,131 Lo maan liya,Tampa,USA,62044,M,5442755872,4300,2
1001,Sins,Chauy,House,201 Anarkali,Orlando,USA,59962,M,5855043791,2250,1
1569,Chutia,landa,Mall,131 Rungi St,Boston,USA,58267,F,3770486236,1450,2
1268,Junoob,Essarni,Condo,101 Bakra mandi,Tampa,USA,16319,F,8762980367,1350,3
2748,mere,Essarni,Condo,100 chugtai st,Minneapolis,USA,62281,F,3940232704,1100,2
1698,Ganja,Balami,Restaurant,102 Randi bazaar,Rochester,USA,14635,F,2082317099,3650,2
1044,John,Chait,House,100 chugtai st,Makhan,USA,65238,M,3735408538,3550,1
539,Sin,Faqeer,Condo,131 Lo maan liya,Minneapolis,USA,85979,F,6589040501,2150,1
1765,Sin,Khan,Condo,Mere phudda st,Elk River,USA,19215,F,7367218921,3250,3
2585,Funter,THota,Mall,2001 Bajrangi,Indianapolis,USA,34017,M,3813307290,3000,3
2210,Chutia,Kinara,Condo,Mere phudda st,Tampa,USA,73465,M,2403059194,4550,1
1187,land,Burka,Apt,151 Mera surakh,Minneapolis,USA,54782,M,4371789231,3550,3
1961,Sin,THota,Apt,102 Randi bazaar,Minneapolis,USA,87243,F,5466479033,2050,2
1331,John,Zunda,Restaurant,101 Bakra mandi,Medina,USA,20208,F,8558260141,3450,1
2365,Chand,THota,Condo,102 Randi bazaar,Rochester,USA,11274,M,5471150744,2600,3
987,John,Mukher,Apt,Mere phudda st,Sharon,USA,75681,M,7599392772,4350,2
2927,Mark,Mukher,Restaurant,201 Anarkali,Westfield,USA,11661,M,7141042507,1950,1
59,land,Balami,House,131 Rungi St,Makhan,USA,38763,F,6567263304,1050,2
1678,char,Tukuja,Condo,101 Bakra mandi,Karachi,USA,74121,M,4353271133,4750,3
1099,Mark,Jung,Villa,2001 Bajrangi,Charlotte,USA,53645,M,2552448127,1100,2
916,land,ZUhair,Villa,121 Bas aik,Rochester,USA,24690,M,5927881616,3550,2
433,Junoob,Khan,House,Mere phudda st,Karachi,USA,52683,F,2696401917,3450,1
2710,John,Faqeer,Apt,131 Lo maan liya,Rochester,USA,21313,M,2799097094,2550,3
272,char,Khan,Apt,100 chugtai st,Westfield,USA,83022,F,4153082521,2250,1
2492,Sin,Burka,Apt,131 Lo maan liya,Tampa,USA,10992,M,4530422200,4550,1
1300,Chand,Pernal,Villa,2001 Bajrangi,Boston,USA,30420,M,5680592125,2150,3
1710,Sin,Tukuja,House,Mere phudda st,Karachi,USA,46494,M,7750911086,4650,2
1400,bhrawe,Essarni,Villa,101 Bakra mandi,Miami,USA,33681,M,4467161081,3850,1
2843,char,Khan,Condo,131 Rungi St,Orlando,USA,60679,M,5087889886,1150,3
1199,Phuddi,landa,Apt,151 Mera surakh,Karachi,USA,19575,F,6816482670,4950,3
1549,Junoob,Pernal,Condo,2001 Bajrangi,Sharon,USA,19476,F,3271420941,1350,2
2495,mere,THota,Mall,Mere phudda st,Orlando,USA,34940,F,5796219509,1400,1
989,Sin,Chauy,Restaurant,121 Bas aik,Makhan,USA,18118,M,7845139243,1900,2
143,Funter,Jung,Apt,100 chugtai st,Makhan,USA,55537,M,8111862935,2300,3
925,Mark,Jung,Condo,102 Randi bazaar,Minneapolis,USA,79564,M,7073889053,3700,2
2163,Park,Zunda,Mall,201 Anarkali,Nasha,USA,68244,M,3800045447,3350,3
2215,Park,Chait,Condo,102 Randi bazaar,Karachi,USA,88760,M,7892319116,4750,3
1308,Junoob,Burka,Apt,131 Lo maan liya,Rochester,USA,56321,F,2050309415,4850,2
803,Chand,ZUhair,Villa,2001 Bajrangi,Rochester,USA,20359,F,3988853060,3050,2
2547,Sin,Kinara,Villa,2001 Bajrangi,Makhan,USA,69236,F,6492530190,3100,2
2971,Park,Zunda,House,100 chugtai st,Sharon,USA,72164,M,4372555129,2100,2
536,bhrawe,Essarni,House,101 Bakra mandi,Nasha,USA,72833,F,8483821407,4300,2
1910,Phuddi,Kinara,House,131 Rungi St,Tampa,USA,48952,M,6882183660,2300,1
1514,Phuddi,ZUhair,Condo,131 Rungi St,Westfield,USA,21753,F,7842492093,2750,3
1127,char,Chait,Condo,151 Mera surakh,Vegas,USA,24794,F,7419687664,1850,3
2515,Phuddi,Chait,Condo,151 Mera surakh,Minneapolis,USA,79347,F,4028020160,3300,3
2497,John,Zunda,House,151 Mera surakh,Tampa,USA,46099,M,4827882166,2500,2
2907,Funter,Balami,Condo,2001 Bajrangi,Nasha,USA,10394,F,6889916026,4400,3
1530,mere,THota,Restaurant,131 Rungi St,Westfield,USA,26504,F,6467303830,3550,1
1060,Sanab,Tukuja,Restaurant,131 Lo maan liya,Elk River,USA,87183,M,6459351205,4350,2
2784,Junoob,landa,Apt,101 Bakra mandi,Miami,USA,72293,F,6894693439,3500,3
577,Mark,Faqeer,House,2001 Bajrangi,Sharon,USA,70558,M,8114221432,3650,2
2987,Sin,Mukher,Mall,102 Randi bazaar,Miami,USA,62289,M,6078900695,4500,1
2506,land,Tukuja,Mall,131 Rungi St,Makhan,USA,88236,F,4800343901,4050,1
2759,Randi,Chauy,House,201 Anarkali,Makhan,USA,83033,M,8641518382,1850,1
2257,Mark,Pernal,Mall,100 chugtai st,Rochester,USA,57706,M,6399943182,1350,2
2327,land,Jung,Condo,101 Bakra mandi,Tampa,USA,63510,M,8857234560,1150,2
2848,land,Burka,Villa,102 Randi bazaar,Karachi,USA,40709,F,7178140695,1400,2
2025,bhrawe,Khan,Apt,121 Bas aik,Vegas,USA,45555,M,4338763636,3150,3
1120,char,THota,Apt,102 Randi bazaar,Vegas,USA,86078,M,5465896345,3200,1
1103,Randi,Zunda,House,102 Randi bazaar,Karachi,USA,10334,M,2056416833,2250,3
2846,Funter,Burka,House,2001 Bajrangi,Nasha,USA,78153,M,8019388955,1600,3
2688,mere,Mukher,Apt,100 chugtai st,Nasha,USA,85359,F,7821476849,3200,3
537,Sanab,Kinara,House,201 Anarkali,Elk River,USA,15605,M,5964092281,4650,2
979,John,Kinara,Restaurant,101 Bakra mandi,Makhan,USA,29102,M,5365299313,1600,1
2285,Sin,Jung,Mall,101 Bakra mandi,Vegas,USA,62595,M,4336608605,1100,2
1824,Chand,landa,Mall,121 Bas aik,Westfield,USA,64256,M,7628566382,3400,2
1137,Sin,Burka,Restaurant,100 chugtai st,Elk River,USA,61056,F,5498998000,1200,3
1206,char,Faqeer,Condo,2001 Bajrangi,Minneapolis,USA,52629,M,6092620713,2250,3
2735,Mark,Bakra,Villa,Mere phudda st,Elk River,USA,50273,M,5564037340,4900,2
1840,Chand,Chauy,House,Mere phudda st,Charlotte,USA,70162,F,4007727102,2850,3
2375,land,Kinara,Condo,131 Lo maan liya,Boston,USA,23476,M,7149239145,2400,3
721,Kancha,Pernal,Condo,Mere phudda st,Rochester,USA,83288,M,4328766190,4750,1
1920,char,THota,House,121 Bas aik,Vegas,USA,72687,F,7413631543,3800,1
2451,land,Tukuja,Condo,151 Mera surakh,Tampa,USA,71408,M,6819410857,3450,1
2376,Sin,Chauy,Condo,Mere phudda st,Westfield,USA,40991,M,6146503265,1950,3
1987,Chand,THota,Restaurant,131 Lo maan liya,Westfield,USA,51483,M,7412757607,4500,3
536,Park,Burka,House,102 Randi bazaar,Tampa,USA,67680,F,7102478023,1550,2
2056,Funter,Burka,Restaurant,151 Mera surakh,Boston,USA,12160,M,3009612407,4650,3
139,Chutia,Kinara,Villa,Mere phudda st,Nasha,USA,51958,F,3981635483,4550,2
220,Junoob,Jung,Mall,201 Anarkali,Vegas,USA,58882,F,6282226487,1650,3
554,Sin,Mukher,Villa,101 Bakra mandi,Tampa,USA,32990,F,2192984561,2050,2
1538,char,Essarni,Restaurant,102 Randi bazaar,Elk River,USA,84227,F,4693910588,1150,2
2141,Randi,Crus,Condo,131 Rungi St,Nasha,USA,39370,F,4685414699,4100,2
2159,char,Essarni,Condo,121 Bas aik,Elk River,USA,75003,F,8269431660,4150,2
2567,Ganja,THota,Apt,201 Anarkali,Miami,USA,10593,M,3694379446,4050,1
1902,Chutia,Crus,Restaurant,131 Rungi St,Sharon,USA,80133,F,8843571405,1150,3
609,Sanab,Pernal,Condo,131 Lo maan liya,Westfield,USA,17079,F,3574382795,1300,2
1070,Funter,Jung,Restaurant,102 Randi bazaar,Medina,USA,12297,F,3503093156,4200,3
161,Chutia,Burka,Mall,101 Bakra mandi,Indianapolis,USA,39940,F,2518644151,2050,1
187,Sins,Chait,Villa,201 Anarkali,Elk River,USA,38164,M,5230600781,1500,3
270,Bravo,landa,Villa,2001 Bajrangi,Miami,USA,89913,M,7453955229,1350,2
2807,Randi,Bakra,Apt,100 chugtai st,Sharon,USA,49667,F,7904667590,2150,1
2199,Funter,Bakra,House,2001 Bajrangi,Nasha,USA,27702,M,8937362145,3300,2
1290,Mark,THota,Restaurant,201 Anarkali,Medina,USA,49619,M,2087637823,3050,2
1927,Bravo,Mukher,Mall,Mere phudda st,Miami,USA,63291,F,4329347363,1550,3
1937,Park,ZUhair,Villa,131 Rungi St,Makhan,USA,66628,F,4877804379,4800,1
2737,Park,Khan,House,131 Rungi St,Miami,USA,89846,M,6452624963,2000,1
2768,bhrawe,THota,Condo,131 Rungi St,Westfield,USA,84124,F,6439478971,2700,3
368,Sanab,Kinara,Villa,151 Mera surakh,Karachi,USA,25108,F,4609172790,4450,2
1788,Ganja,Jung,Condo,2001 Bajrangi,Medina,USA,76172,F,3191819229,1350,3
2040,Bravo,landa,Restaurant,102 Randi bazaar,Nasha,USA,51020,M,8211494064,1550,2
1179,Bravo,Mukher,Apt,101 Bakra mandi,Orlando,USA,48501,F,3927727805,1150,2
2227,Kancha,ZUhair,Restaurant,Mere phudda st,Nasha,USA,81869,M,3145805085,1300,1
205,Chutia,THota,Condo,101 Bakra mandi,Miami,USA,49892,F,7027697701,3950,3
1867,Funter,Crus,Restaurant,201 Anarkali,Vegas,USA,59799,M,3917838444,2850,3
1111,Chand,Chait,Condo,131 Rungi St,Indianapolis,USA,18960,F,7120577537,2300,2
2982,Randi,Khan,Mall,101 Bakra mandi,Karachi,USA,63998,F,7830667039,4750,2
1103,Sanab,Bakra,Mall,131 Lo maan liya,Minneapolis,USA,18242,F,2563847819,2050,2
2892,Sanab,Jung,Apt,201 Anarkali,Elk River,USA,73420,F,7368944596,2200,1
2962,land,Chait,House,100 chugtai st,Sharon,USA,78551,M,7647510945,3550,2
82,bhrawe,Burka,House,102 Randi bazaar,Tampa,USA,46361,M,8497515664,1900,3
1170,Chutia,Essarni,Villa,2001 Bajrangi,Orlando,USA,44000,M,2768328022,2900,2
2467,John,Tukuja,House,101 Bakra mandi,Karachi,USA,28852,M,3676386363,2150,2
2517,Kancha,ZUhair,Villa,131 Lo maan liya,Minneapolis,USA,44192,F,7638164534,2400,3
1212,Bravo,Balami,Restaurant,102 Randi bazaar,Westfield,USA,34593,F,7301641299,4500,2
188,bhrawe,Zunda,House,102 Randi bazaar,Nasha,USA,38588,F,4983049506,4150,3
1410,bhrawe,Chait,Mall,151 Mera surakh,Westfield,USA,39701,M,4689917584,1350,1
2832,Kancha,Faqeer,Condo,131 Lo maan liya,Miami,USA,12158,F,5194392215,4500,1
725,land,Mukher,Apt,101 Bakra mandi,Sharon,USA,51828,M,3043497271,4050,1
1685,Ganja,Balami,Restaurant,101 Bakra mandi,Makhan,USA,34742,M,8530572104,4900,2
352,char,Pernal,Condo,102 Randi bazaar,Nasha,USA,28731,F,3878178124,2050,2
15,Kancha,Mukher,Restaurant,121 Bas aik,Sharon,USA,87887,F,4417416038,4450,2
521,Kancha,Crus,Restaurant,101 Bakra mandi,Sharon,USA,38323,F,7320662178,4550,2
1780,Sanab,Mukher,Villa,2001 Bajrangi,Tampa,USA,13330,M,4406635465,2300,3
2142,Sin,Mukher,Apt,131 Rungi St,Makhan,USA,56700,F,3982270052,4650,3
1258,Mark,Chait,Restaurant,121 Bas aik,Vegas,USA,25561,M,2259738904,2800,1
1702,Mark,Bakra,Mall,101 Bakra mandi,Minneapolis,USA,87363,M,8872998085,4050,2
1887,Junoob,Crus,House,131 Rungi St,Westfield,USA,53696,F,4705662125,1100,2
2273,Chand,Pernal,Apt,121 Bas aik,Nasha,USA,35659,F,8349611979,3050,2
502,Funter,Burka,Mall,2001 Bajrangi,Indianapolis,USA,29597,F,3799882580,4750,3
2593,Mark,Jung,Apt,121 Bas aik,Minneapolis,USA,22039,M,6520814135,4100,1
733,Randi,Tukuja,Condo,Mere phudda st,Miami,USA,29632,M,2040536419,2800,2
687,Park,Tukuja,Restaurant,201 Anarkali,Minneapolis,USA,66862,F,5460013325,3350,2
1321,mere,THota,Mall,2001 Bajrangi,Boston,USA,59923,F,8010886509,4500,3
629,Kancha,Chauy,Condo,102 Randi bazaar,Elk River,USA,40996,M,4626791709,4100,2
2046,Kancha,Tukuja,Restaurant,131 Lo maan liya,Boston,USA,51222,M,2205444988,1300,1
2211,Mark,Mukher,Mall,201 Anarkali,Boston,USA,27582,M,2225483903,3650,1
1160,Mark,Bakra,Condo,Mere phudda st,Medina,USA,80923,M,4233092173,4950,1
373,Ganja,Mukher,Apt,Mere phudda st,Indianapolis,USA,44250,F,4972773773,2300,2
2447,Mark,Burka,Condo,2001 Bajrangi,Tampa,USA,30238,F,6640341054,1450,3
1434,Sin,Balami,Restaurant,151 Mera surakh,Medina,USA,55366,F,7988414605,3600,2
2442,bhrawe,Pernal,Mall,201 Anarkali,Medina,USA,44760,F,3265595948,1500,2
1460,Phuddi,THota,Mall,201 Anarkali,Boston,USA,54409,F,7317639125,3500,1
1353,Ganja,THota,Condo,2001 Bajrangi,Makhan,USA,76729,F,7765615893,4450,3
642,Kancha,landa,Condo,121 Bas aik,Rochester,USA,66823,M,6092208806,4300,1
1159,Chutia,ZUhair,House,101 Bakra mandi,Charlotte,USA,58610,F,7541064647,3250,2
871,Mark,Kinara,Mall,Mere phudda st,Karachi,USA,73270,M,7519565406,3200,2
1565,bhrawe,Zunda,Mall,131 Rungi St,Orlando,USA,46542,M,7739937073,2300,2
2956,mere,Jung,Apt,100 chugtai st,Medina,USA,89208,F,2160899937,2300,1
2496,Randi,Zunda,Restaurant,100 chugtai st,Boston,USA,41790,F,3006561391,4300,2
1450,bhrawe,Zunda,Mall,2001 Bajrangi,Orlando,USA,82500,F,2161522570,1650,2
2868,Mark,landa,Condo,101 Bakra mandi,Boston,USA,23666,F,5408159394,3050,3
2838,Ganja,Pernal,Villa,201 Anarkali,Indianapolis,USA,88275,F,2742987687,2050,1
219,land,Mukher,Restaurant,131 Lo maan liya,Karachi,USA,84599,F,4854417373,4150,2
2763,bhrawe,ZUhair,Apt,100 chugtai st,Indianapolis,USA,11789,M,8841036829,3600,2
1905,bhrawe,Chait,Villa,151 Mera surakh,Sharon,USA,12847,M,5574824258,2600,2
2664,Kancha,ZUhair,Condo,131 Rungi St,Nasha,USA,15205,M,8856209705,2150,3
1041,Randi,Balami,Mall,2001 Bajrangi,Boston,USA,54356,M,8861554260,1250,3
2717,Chutia,Tukuja,Restaurant,201 Anarkali,Westfield,USA,12916,M,8912227723,3250,1
494,Ganja,Balami,Restaurant,201 Anarkali,Makhan,USA,69824,M,3987031241,4400,3
894,Chutia,Faqeer,Mall,121 Bas aik,Makhan,USA,42439,M,2701226777,4500,1
2319,Funter,Chauy,Mall,131 Lo maan liya,Westfield,USA,67062,M,6372692597,3750,2
248,Chand,Chait,Apt,121 Bas aik,Makhan,USA,59213,M,4596457530,1850,2
2855,Chand,Zunda,Apt,Mere phudda st,Westfield,USA,14374,M,5565639200,1800,1
1482,Chand,Chauy,House,100 chugtai st,Rochester,USA,47295,F,6181180484,2500,2
2595,Sins,Chait,Condo,131 Rungi St,Orlando,USA,62108,F,5165655325,1600,3
1475,Park,Balami,Condo,100 chugtai st,Medina,USA,83992,F,2915429116,3400,1
2738,mere,Kinara,Restaurant,102 Randi bazaar,Vegas,USA,81190,F,7749136701,4700,3
2943,char,Kinara,Apt,131 Rungi St,Nasha,USA,42024,F,6882126606,3550,3
1282,land,THota,Apt,Mere phudda st,Orlando,USA,88242,F,3276037553,2550,2
691,bhrawe,Jung,Apt,131 Rungi St,Charlotte,USA,88915,M,6599956838,1150,1
1534,Chand,Mukher,Villa,131 Lo maan liya,Minneapolis,USA,80436,M,4795209791,4350,2
2257,Phuddi,Pernal,Mall,100 chugtai st,Makhan,USA,77872,F,3569251974,3500,1
2889,Sin,THota,Villa,101 Bakra mandi,Makhan,USA,18895,F,6841468396,3400,3
2052,bhrawe,Balami,Condo,Mere phudda st,Karachi,USA,70875,F,2185433482,3400,3
575,land,Bakra,Condo,201 Anarkali,Sharon,USA,42891,F,7733602650,4500,3
1542,Park,Balami,Apt,151 Mera surakh,Orlando,USA,83867,M,7527197956,1200,1
772,bhrawe,ZUhair,Apt,131 Rungi St,Medina,USA,57560,M,4975874031,4750,3
2121,mere,Essarni,Restaurant,101 Bakra mandi,Karachi,USA,46184,F,8218925459,3350,2
2438,Kancha,Mukher,House,151 Mera surakh,Sharon,USA,74146,F,6182540468,4600,1
1255,Mark,Essarni,Apt,131 Lo maan liya,Westfield,USA,59689,F,2886256558,1550,3
1673,Ganja,Mukher,Villa,201 Anarkali,Sharon,USA,57518,M,4569372666,2200,1
1148,Chand,Khan,House,Mere phudda st,Orlando,USA,87316,F,4582275355,1800,2
2772,Ganja,Mukher,Restaurant,131 Rungi St,Vegas,USA,53960,F,6725185417,1250,3
759,Mark,Zunda,Mall,101 Bakra mandi,Minneapolis,USA,51818,F,2096751972,1200,1
1184,Sin,Bakra,Mall,2001 Bajrangi,Indianapolis,USA,10869,F,3086173194,3100,1
1482,Junoob,Pernal,Mall,121 Bas aik,Indianapolis,USA,31474,M,4248270929,3950,1
1871,Kancha,Tukuja,Apt,121 Bas aik,Miami,USA,12094,M,5622611345,2850,3
1981,Ganja,Tukuja,Apt,131 Lo maan liya,Sharon,USA,43710,F,8414437609,1500,2
1784,Junoob,Pernal,Villa,131 Lo maan liya,Indianapolis,USA,85712,F,3502304490,2950,2
2518,Chutia,Mukher,Mall,Mere phudda st,Miami,USA,28131,F,6299191509,4800,2
2618,Kancha,Essarni,Apt,121 Bas aik,Makhan,USA,84093,M,3760312751,1150,3
2474,Bravo,Mukher,House,121 Bas aik,Minneapolis,USA,33165,M,3451570694,3650,2
762,bhrawe,Mukher,Villa,2001 Bajrangi,Rochester,USA,75239,F,3457727888,4950,2
1844,Junoob,landa,House,101 Bakra mandi,Westfield,USA,34467,M,8782498350,3250,2
804,Ganja,Chait,Mall,2001 Bajrangi,Boston,USA,84876,M,3005344802,1750,1
2377,Mark,Chauy,Mall,131 Lo maan liya,Nasha,USA,76451,F,8355372214,2000,2
305,Kancha,Zunda,Mall,121 Bas aik,Karachi,USA,29980,M,7589336958,4650,1
1822,bhrawe,Mukher,Villa,131 Lo maan liya,Minneapolis,USA,73765,F,6674505960,3550,1
2716,Sanab,ZUhair,House,121 Bas aik,Medina,USA,29579,M,4412154116,2400,1
158,Chutia,Mukher,Apt,Mere phudda st,Charlotte,USA,78627,F,3801677963,1900,1
2187,Park,Pernal,House,131 Rungi St,Minneapolis,USA,62851,F,5385472766,1400,1
272,Sanab,Chauy,Apt,100 chugtai st,Minneapolis,USA,49446,F,4325175177,1950,3
1423,Funter,THota,Restaurant,131 Rungi St,Indianapolis,USA,79525,M,2933834729,1700,1
943,Sins,Chauy,Mall,101 Bakra mandi,Charlotte,USA,62579,F,2935116662,2550,2
1547,Sanab,Chait,House,100 chugtai st,Orlando,USA,44672,M,6760289299,2850,1
165,Park,Chauy,Apt,131 Rungi St,Medina,USA,75285,F,8770445264,2500,1
2973,bhrawe,Jung,Villa,151 Mera surakh,Orlando,USA,48935,M,2707453422,1300,1
1891,Sanab,landa,House,201 Anarkali,Vegas,USA,60334,F,5292776112,4000,2
2752,Chutia,Mukher,Restaurant,Mere phudda st,Vegas,USA,24700,F,7023813226,1750,3
2713,Chutia,Kinara,Condo,100 chugtai st,Minneapolis,USA,29820,M,5336640751,4650,3
2695,Ganja,Faqeer,Condo,201 Anarkali,Vegas,USA,12902,F,4543822868,4950,2
2469,Junoob,Chait,Apt,100 chugtai st,Nasha,USA,19206,F,3634965608,3550,2
2247,Sanab,Crus,Villa,2001 Bajrangi,Nasha,USA,45799,F,5236617755,2650,1
419,Funter,Tukuja,Mall,201 Anarkali,Indianapolis,USA,76175,F,8690887238,3050,1
2150,mere,Bakra,Apt,201 Anarkali,Minneapolis,USA,24259,M,2283093465,2550,2
842,John,Crus,Villa,102 Randi bazaar,Westfield,USA,62464,M,7052674754,3600,3
594,Junoob,Burka,Villa,201 Anarkali,Medina,USA,42234,F,3338956740,3000,3
662,bhrawe,Crus,Restaurant,Mere phudda st,Westfield,USA,19475,F,7860985059,4800,2
2970,Chand,Balami,Restaurant,151 Mera surakh,Boston,USA,28732,M,4723030503,3350,2
2770,Sin,THota,Villa,201 Anarkali,Sharon,USA,57885,F,2989041718,2650,3
291,Chutia,Pernal,Apt,102 Randi bazaar,Elk River,USA,55026,F,7305432697,2750,2
675,Phuddi,Zunda,Villa,2001 Bajrangi,Rochester,USA,43696,F,7997297394,1200,1
1721,Sanab,Essarni,Mall,131 Rungi St,Karachi,USA,75373,M,2304998763,2000,2
857,Randi,Pernal,Apt,151 Mera surakh,Indianapolis,USA,34780,F,7914045839,2900,1
1717,Chutia,Pernal,Condo,Mere phudda st,Makhan,USA,80352,M,2988254590,3100,1
2821,Sin,ZUhair,Condo,101 Bakra mandi,Vegas,USA,60056,F,3807946779,3150,1
2609,Bravo,Jung,Restaurant,151 Mera surakh,Karachi,USA,41326,M,4796666199,3800,2
1583,Chutia,landa,Restaurant,151 Mera surakh,Karachi,USA,21296,F,2573090487,3450,2
706,Mark,Kinara,Apt,121 Bas aik,Tampa,USA,29302,M,6386643125,4600,2
915,Bravo,Khan,Restaurant,121 Bas aik,Boston,USA,83438,F,3853487809,1850,2
2208,Chutia,Zunda,Condo,Mere phudda st,Elk River,USA,71231,F,5375402370,4300,3
92,Randi,THota,Condo,102 Randi bazaar,Orlando,USA,43267,F,4550775752,1500,2
673,Sins,Chauy,Restaurant,100 chugtai st,Westfield,USA,20847,F,7121960708,2850,3
259,char,Pernal,Villa,Mere phudda st,Minneapolis,USA,35507,M,7418273859,1550,2
152,Kancha,Khan,Apt,2001 Bajrangi,Indianapolis,USA,81465,M,5220868510,2650,3
2142,Junoob,Chauy,Mall,201 Anarkali,Boston,USA,63873,F,3153682898,2650,1
593,land,ZUhair,Villa,101 Bakra mandi,Miami,USA,87127,F,7989742254,1750,2
379,Chand,THota,House,201 Anarkali,Westfield,USA,52178,F,5203891301,3650,3
880,mere,THota,Condo,121 Bas aik,Karachi,USA,33077,F,5486828561,3850,2
934,Chand,Chauy,Apt,Mere phudda st,Westfield,USA,64170,M,5454430998,4800,2
1275,Funter,Mukher,Restaurant,131 Lo maan liya,Karachi,USA,21908,F,6081594501,2650,2
1829,Sins,Jung,Mall,151 Mera surakh,Rochester,USA,52095,F,5248500792,2350,1
832,char,Essarni,Mall,151 Mera surakh,Minneapolis,USA,23110,M,4674383558,4350,1
2866,Bravo,Bakra,House,131 Lo maan liya,Sharon,USA,28855,M,4826768030,3650,3
2958,Sanab,Jung,Condo,151 Mera surakh,Nasha,USA,33568,M,6803220497,4650,1
284,bhrawe,THota,Villa,131 Rungi St,Elk River,USA,20051,F,2516308627,3450,1
2045,mere,THota,Condo,100 chugtai st,Makhan,USA,40881,M,6814033198,2150,2
2204,Chutia,ZUhair,Restaurant,102 Randi bazaar,Minneapolis,USA,71837,F,8042254708,4000,1
1516,John,landa,Restaurant,131 Lo maan liya,Tampa,USA,58005,M,2729392693,4300,2
2944,Chutia,Bakra,Villa,131 Lo maan liya,Boston,USA,76765,F,5683875012,4350,2
368,Chand,Essarni,Restaurant,131 Rungi St,Miami,USA,24343,F,7265980308,3650,3
352,Sin,Faqeer,Villa,151 Mera surakh,Medina,USA,81718,M,2219659727,3200,3
1977,bhrawe,Balami,Mall,121 Bas aik,Nasha,USA,74564,M,8833291831,1950,2
997,Sins,Essarni,Apt,100 chugtai st,Tampa,USA,47215,F,8920982591,3500,2
973,Junoob,Kinara,House,131 Rungi St,Tampa,USA,50693,M,7175423556,4050,1
2645,bhrawe,ZUhair,Restaurant,Mere phudda st,Tampa,USA,55093,F,4820608603,1200,2
2579,Park,Crus,Condo,201 Anarkali,Sharon,USA,24075,M,6797608992,1250,1
628,Sanab,Kinara,Condo,100 chugtai st,Sharon,USA,59304,M,7481341201,3000,1
683,Ganja,Mukher,Villa,121 Bas aik,Medina,USA,14937,F,3734279324,1250,3
476,Sin,Essarni,Mall,100 chugtai st,Makhan,USA,39503,M,6447632349,2400,3
943,Chand,Balami,Mall,151 Mera surakh,Rochester,USA,60836,M,6644996979,2900,3
520,Kancha,Bakra,Restaurant,100 chugtai st,Orlando,USA,28818,M,5182379967,3200,3
1736,mere,Faqeer,Apt,201 Anarkali,Westfield,USA,85989,M,6913644216,4000,2
2265,Bravo,Zunda,Apt,201 Anarkali,Nasha,USA,27261,M,3048374531,4950,3
1220,Sins,Chauy,Mall,102 Randi bazaar,Boston,USA,60049,F,6630997540,3050,1
109,Funter,Jung,Villa,100 chugtai st,Orlando,USA,63592,F,6978869528,2650,1
651,Randi,Essarni,Mall,Mere phudda st,Tampa,USA,75173,M,7087468672,1150,3
2708,Phuddi,Kinara,Condo,121 Bas aik,Karachi,USA,71866,F,8368685350,1350,2
1401,Kancha,Kinara,Condo,100 chugtai st,Boston,USA,71495,F,7077175804,4800,1
1276,mere,Mukher,Apt,100 chugtai st,Makhan,USA,42579,M,5978302352,2850,3
1689,land,Mukher,Condo,121 Bas aik,Charlotte,USA,87784,F,6517295975,3400,1
2449,Sin,Kinara,Apt,201 Anarkali,Elk River,USA,23491,M,4660566977,4450,2
1603,Chutia,Essarni,Restaurant,121 Bas aik,Orlando,USA,38951,M,5445186197,3700,1
2394,bhrawe,Jung,Villa,Mere phudda st,Orlando,USA,41214,M,3388590643,1400,3
2662,Bravo,Essarni,Villa,201 Anarkali,Westfield,USA,89801,M,3101198365,1950,3
239,Chutia,Bakra,Mall,201 Anarkali,Orlando,USA,78001,M,6613253999,3650,3
2393,mere,Crus,Mall,2001 Bajrangi,Vegas,USA,32405,M,8505182634,1200,2
301,Sins,landa,Mall,102 Randi bazaar,Tampa,USA,29959,F,5862629578,4200,1
2986,char,Essarni,House,201 Anarkali,Indianapolis,USA,86615,M,2352106202,1450,1
843,Mark,Khan,Condo,101 Bakra mandi,Karachi,USA,82271,M,6841695989,4600,1
1690,char,Zunda,Restaurant,131 Lo maan liya,Boston,USA,20140,M,4456404853,4400,3
1924,Chand,Khan,Restaurant,101 Bakra mandi,Charlotte,USA,45817,M,2352020732,3800,1
2933,Park,Zunda,Villa,121 Bas aik,Westfield,USA,31659,M,5086230727,2850,2
354,Kancha,Tukuja,Restaurant,101 Bakra mandi,Orlando,USA,26007,F,2298312742,3900,3
1556,bhrawe,Bakra,Restaurant,131 Rungi St,Nasha,USA,14090,F,5409331552,3850,2
2574,Park,Pernal,Restaurant,201 Anarkali,Westfield,USA,81370,M,4321955222,4000,3
2925,Randi,Faqeer,Apt,121 Bas aik,Sharon,USA,27878,M,4235314441,1450,1
1131,Randi,Chauy,House,101 Bakra mandi,Westfield,USA,55746,M,8976808488,1000,1
980,Sanab,Bakra,Apt,131 Lo maan liya,Indianapolis,USA,89703,F,2887028055,2600,3
775,Park,landa,Apt,131 Rungi St,Minneapolis,USA,88534,F,2222429746,2950,1
780,bhrawe,Essarni,Villa,100 chugtai st,Indianapolis,USA,53911,M,5898840783,4600,2
1141,Randi,Bakra,Mall,121 Bas aik,Nasha,USA,84542,M,3666594194,3700,3
2749,Junoob,Crus,House,131 Lo maan liya,Nasha,USA,28116,M,3786686830,2400,1
2052,Sanab,Mukher,House,121 Bas aik,Sharon,USA,52288,F,5977562961,1350,2
2347,Kancha,Burka,Apt,100 chugtai st,Boston,USA,25082,F,5631622160,4450,2
1896,bhrawe,Crus,Apt,151 Mera surakh,Minneapolis,USA,32182,M,3152509685,2250,2
2772,Sin,Burka,Mall,Mere phudda st,Westfield,USA,10572,M,5270292670,3350,1
2610,char,THota,Villa,102 Randi bazaar,Indianapolis,USA,43547,M,7409435958,4000,3
1229,Funter,Chait,House,101 Bakra mandi,Vegas,USA,24777,M,8140137005,2400,3
2171,mere,landa,Apt,131 Lo maan liya,Makhan,USA,48569,M,3441222863,1150,3
583,Chand,Faqeer,Apt,201 Anarkali,Orlando,USA,51089,M,7654297444,3600,1
980,Sins,Essarni,Villa,Mere phudda st,Medina,USA,27624,F,5652940706,1850,1
2370,Chand,Khan,Mall,151 Mera surakh,Sharon,USA,77383,F,3712535707,4300,3
2410,Randi,Tukuja,Villa,151 Mera surakh,Miami,USA,78302,F,4232395279,1850,3
1176,Ganja,Bakra,Restaurant,100 chugtai st,Orlando,USA,77959,M,6468000555,4800,2
1440,Randi,Khan,Apt,131 Rungi St,Charlotte,USA,72020,M,2100550614,3550,1
846,char,Crus,Villa,100 chugtai st,Rochester,USA,67633,M,2677109927,1100,1
2996,Phuddi,Mukher,Villa,2001 Bajrangi,Rochester,USA,84079,M,5592261816,2350,1
213,mere,Bakra,House,100 chugtai st,Rochester,USA,22319,F,5474383091,2750,2
681,Junoob,Kinara,House,131 Lo maan liya,Miami,USA,69402,F,3407573656,3750,2
1720,char,Chauy,Restaurant,131 Lo maan liya,Elk River,USA,43439,F,3966501202,2900,1
2742,Randi,Kinara,Mall,201 Anarkali,Nasha,USA,78107,M,3420193609,4050,2
1124,Bravo,Mukher,Apt,101 Bakra mandi,Elk River,USA,42339,F,5280848125,3900,3
1401,Mark,Khan,Mall,101 Bakra mandi,Charlotte,USA,25464,M,3342303238,2700,3
1837,Sins,Burka,Restaurant,Mere phudda st,Nasha,USA,40226,M,6853450945,1900,2
151,Sin,Chait,Mall,100 chugtai st,Indianapolis,USA,43265,M,6416550177,3000,3
1358,Randi,THota,Condo,121 Bas aik,Miami,USA,16002,F,8375431446,3900,1
1107,Park,Crus,House,201 Anarkali,Charlotte,USA,80321,M,8012457893,4800,1
2466,John,Crus,Villa,102 Randi bazaar,Indianapolis,USA,87697,M,8056422901,4700,3
1687,bhrawe,Zunda,Condo,100 chugtai st,Sharon,USA,45891,F,7388912931,4500,3
103,Kancha,Chauy,Mall,151 Mera surakh,Orlando,USA,84973,M,2089822025,2100,2
890,bhrawe,THota,Restaurant,131 Lo maan liya,Charlotte,USA,18524,M,7339876492,4400,3
2172,Randi,ZUhair,Condo,101 Bakra mandi,Karachi,USA,77700,M,2638811236,4650,1
774,Phuddi,landa,Villa,101 Bakra mandi,Indianapolis,USA,40724,M,4121878130,3400,2
1318,bhrawe,Pernal,Apt,102 Randi bazaar,Boston,USA,46758,F,8500080637,1650,3
2440,Chutia,Faqeer,Apt,2001 Bajrangi,Medina,USA,10375,F,4931363735,3300,3
1778,bhrawe,Chait,Mall,131 Rungi St,Boston,USA,63056,M,3498072927,4950,1
144,Park,Bakra,Villa,131 Rungi St,Miami,USA,35751,M,4040382923,3850,2
729,Sanab,Faqeer,Restaurant,121 Bas aik,Minneapolis,USA,26491,F,5972537553,4950,2
737,land,Burka,House,2001 Bajrangi,Charlotte,USA,66660,M,2526052535,2300,1
2238,Chutia,Khan,Villa,100 chugtai st,Karachi,USA,29219,F,5275028272,2850,1
2149,Ganja,Burka,Condo,Mere phudda st,Vegas,USA,82327,M,8976434128,4000,3
137,Sins,Faqeer,Apt,2001 Bajrangi,Orlando,USA,62083,F,7323554884,4850,3
1224,Chand,Chait,Villa,101 Bakra mandi,Indianapolis,USA,27698,F,5448580494,4000,3
2199,Funter,Balami,Condo,2001 Bajrangi,Elk River,USA,30693,M,2040522157,2000,2
662,Junoob,Chauy,House,131 Lo maan liya,Nasha,USA,24363,M,3808957614,1800,1
2947,Chand,Essarni,Mall,101 Bakra mandi,Orlando,USA,24165,M,3633249969,3100,3
9,bhrawe,Pernal,Condo,121 Bas aik,Rochester,USA,77210,M,7064659774,2400,2
1475,Chand,Bakra,House,Mere phudda st,Tampa,USA,82429,M,5114318500,1200,3
827,land,Crus,Restaurant,151 Mera surakh,Medina,USA,63491,F,6037450464,2300,3
2794,bhrawe,Pernal,Restaurant,131 Lo maan liya,Minneapolis,USA,84217,M,7366229104,3950,3
1450,Ganja,Jung,Condo,2001 Bajrangi,Sharon,USA,19551,F,2351989178,1300,1
574,Kancha,landa,House,Mere phudda st,Nasha,USA,44514,M,6530306580,2550,1
1679,char,Khan,Restaurant,100 chugtai st,Vegas,USA,37318,M,3373193792,4300,1
15,Phuddi,Burka,Condo,Mere phudda st,Westfield,USA,24269,M,3731985772,2150,3
2117,Sins,Kinara,House,101 Bakra mandi,Sharon,USA,52546,M,5173044371,3950,1
130,Randi,Tukuja,House,101 Bakra mandi,Boston,USA,81081,M,5380403806,2050,1
2599,Kancha,Khan,House,121 Bas aik,Miami,USA,23013,M,7479431486,1400,1
2576,Ganja,Jung,Condo,100 chugtai st,Orlando,USA,80435,M,2896636105,3000,1
2128,Funter,Kinara,Condo,131 Lo maan liya,Charlotte,USA,25961,M,7851360930,2100,2
274,John,Khan,Mall,201 Anarkali,Minneapolis,USA,66337,F,8439531416,1600,2
1185,John,Jung,House,101 Bakra mandi,Orlando,USA,50826,F,3282063178,3900,3
2915,mere,Mukher,House,Mere phudda st,Minneapolis,USA,51597,F,3968396094,1300,3
1377,Park,Pernal,Restaurant,Mere phudda st,Westfield,USA,45649,F,7481774897,2250,2
2047,Chutia,Crus,Villa,Mere phudda st,Boston,USA,17156,M,3219474921,1200,1
1114,Mark,Jung,Condo,101 Bakra mandi,Westfield,USA,39516,F,3823858785,4350,3
2327,Mark,Jung,Villa,100 chugtai st,Miami,USA,42426,M,8966772006,3900,2
2207,Funter,Kinara,House,121 Bas aik,Nasha,USA,39936,F,2563512933,4250,2
832,mere,Chauy,Restaurant,2001 Bajrangi,Sharon,USA,27423,M,3187850896,3200,1
2967,char,Essarni,Villa,151 Mera surakh,Minneapolis,USA,21516,F,2935478232,3750,3
461,Junoob,Balami,Restaurant,100 chugtai st,Indianapolis,USA,88557,F,7672925536,3850,1
2453,Chutia,Mukher,House,121 Bas aik,Medina,USA,47747,M,7325441047,3400,2
280,bhrawe,Burka,Condo,100 chugtai st,Boston,USA,72155,M,7472719794,3550,2
1587,Randi,Tukuja,Condo,100 chugtai st,Rochester,USA,32046,F,2265126366,3750,3
671,Sanab,Jung,Villa,201 Anarkali,Minneapolis,USA,82950,F,6538575965,2250,1
1654,Randi,THota,House,102 Randi bazaar,Tampa,USA,86181,M,7936209247,3150,3
1685,Chutia,Balami,Mall,121 Bas aik,Karachi,USA,73575,F,8859992352,4150,2
1145,Randi,Bakra,Condo,2001 Bajrangi,Minneapolis,USA,58096,F,6318963898,4100,3
2699,Chutia,landa,House,121 Bas aik,Elk River,USA,41817,F,4732175908,1350,2
2267,Park,Faqeer,Mall,151 Mera surakh,Makhan,USA,35489,M,5667254264,2700,3
1474,Chand,Kinara,House,100 chugtai st,Elk River,USA,13439,F,3104690038,2300,1
1851,Park,Bakra,Villa,Mere phudda st,Charlotte,USA,71131,M,5044880194,3050,3
2622,Sin,Chauy,Apt,131 Rungi St,Rochester,USA,27346,M,7619302056,1550,3
1548,Sin,Kinara,Apt,100 chugtai st,Makhan,USA,29377,M,3958514044,2750,1
2674,Sanab,landa,Mall,121 Bas aik,Sharon,USA,34809,M,3030078751,3400,2
1685,Kancha,Balami,Restaurant,101 Bakra mandi,Miami,USA,73805,F,2981932952,4500,1
1121,land,Kinara,Mall,131 Rungi St,Tampa,USA,85103,M,2196312093,4400,2
1607,Junoob,Mukher,Restaurant,102 Randi bazaar,Nasha,USA,59381,F,7495448977,3100,1
847,Mark,Faqeer,Condo,121 Bas aik,Miami,USA,11145,M,6954917786,3500,2
1317,Sanab,Essarni,Mall,100 chugtai st,Vegas,USA,76494,F,5905832015,1450,1
1021,mere,Bakra,Apt,102 Randi bazaar,Rochester,USA,44896,M,8672354175,4350,3
290,Randi,Khan,Apt,151 Mera surakh,Boston,USA,80119,M,3231010878,1700,1
1928,Chand,Crus,Mall,131 Rungi St,Miami,USA,45403,F,3675531415,3650,2
2763,John,Balami,Apt,131 Rungi St,Tampa,USA,86608,M,4159270231,4450,1
2817,Sanab,landa,Apt,121 Bas aik,Boston,USA,34626,F,6986095728,4950,3
916,Randi,Faqeer,House,131 Lo maan liya,Sharon,USA,61917,F,8442679272,3750,2
2188,mere,ZUhair,Apt,121 Bas aik,Miami,USA,69384,F,7342643265,4000,3
308,Park,Chauy,Apt,102 Randi bazaar,Westfield,USA,81091,M,3372556309,4350,3
369,Sanab,Jung,Mall,151 Mera surakh,Elk River,USA,27532,M,3792007807,2050,2
110,char,THota,Condo,131 Lo maan liya,Miami,USA,47986,F,8271623015,3400,1
320,Mark,Faqeer,Mall,Mere phudda st,Karachi,USA,85675,F,8514130744,1200,2
2234,bhrawe,Chait,House,151 Mera surakh,Charlotte,USA,14892,F,7003204566,2950,2
472,land,Balami,House,Mere phudda st,Medina,USA,30320,F,5156907153,3000,1
44,Kancha,Balami,House,Mere phudda st,Charlotte,USA,60930,M,3752678709,1550,3
2461,Sins,Pernal,House,Mere phudda st,Orlando,USA,51978,F,6957711851,2350,2
1914,mere,THota,House,2001 Bajrangi,Westfield,USA,44843,M,3968470456,3900,2
2747,land,Khan,Villa,121 Bas aik,Minneapolis,USA,12118,M,5388569045,4300,2
2017,Junoob,ZUhair,Condo,100 chugtai st,Nasha,USA,49918,F,3995096835,2700,2
899,char,landa,Mall,Mere phudda st,Miami,USA,80572,F,4975915643,3400,1
1550,Funter,Khan,House,101 Bakra mandi,Westfield,USA,42675,F,2934455247,3700,2
1334,mere,Zunda,Condo,131 Rungi St,Elk River,USA,39214,F,8100370596,4100,3
1036,Sanab,Balami,Mall,101 Bakra mandi,Indianapolis,USA,72944,F,8133125638,1600,3
622,bhrawe,landa,Villa,131 Lo maan liya,Tampa,USA,21807,F,4707728712,2250,2
2940,Ganja,Tukuja,Restaurant,131 Rungi St,Miami,USA,44382,M,5014236375,3900,3
2615,Ganja,Mukher,Apt,201 Anarkali,Medina,USA,61681,F,6873830522,1350,2
2943,Chand,Crus,Condo,131 Rungi St,Nasha,USA,32133,F,7279597922,4950,1
483,Park,Bakra,Condo,131 Rungi St,Vegas,USA,58828,F,8807032892,1900,1
2206,Chand,Faqeer,House,101 Bakra mandi,Sharon,USA,48315,M,4720898145,4900,2
2976,mere,Bakra,Restaurant,100 chugtai st,Indianapolis,USA,40326,F,7057007364,3800,1
2389,Randi,Tukuja,Villa,101 Bakra mandi,Boston,USA,43834,M,5635274227,2850,2
377,bhrawe,Khan,Apt,Mere phudda st,Miami,USA,74996,F,7570013183,3150,3
398,Sin,Tukuja,Villa,121 Bas aik,Vegas,USA,81018,F,2579696148,3250,2
2585,John,landa,Villa,131 Lo maan liya,Orlando,USA,58218,M,6297970198,3800,1
2008,Kancha,Chait,Restaurant,131 Lo maan liya,Westfield,USA,42675,M,8185984599,4150,2
2938,Sin,Essarni,Apt,131 Rungi St,Rochester,USA,51268,M,5939946730,4250,2
2173,bhrawe,landa,Villa,131 Lo maan liya,Charlotte,USA,82130,F,6749800154,3000,1
348,Sin,Zunda,Apt,151 Mera surakh,Minneapolis,USA,34339,F,5589503335,3200,1
2550,Phuddi,Faqeer,Condo,101 Bakra mandi,Boston,USA,84724,F,4110616289,4450,2
2860,Mark,Crus,Mall,131 Lo maan liya,Karachi,USA,64853,F,5269933689,1500,3
2072,bhrawe,Khan,Mall,201 Anarkali,Elk River,USA,17153,M,3192975043,1850,1
2693,Funter,Tukuja,Restaurant,101 Bakra mandi,Makhan,USA,85408,M,8300853668,2950,1
358,Funter,Bakra,House,102 Randi bazaar,Boston,USA,54776,M,8319003639,2950,2
307,Randi,Burka,Apt,151 Mera surakh,Indianapolis,USA,56503,F,4530001934,3850,1
2913,bhrawe,Chauy,Mall,151 Mera surakh,Nasha,USA,12225,M,7595099488,2350,3
2343,Ganja,Balami,Condo,102 Randi bazaar,Medina,USA,25474,F,2257921120,4400,3
1292,Bravo,Crus,Restaurant,102 Randi bazaar,Miami,USA,31697,F,2561083014,4100,1
833,John,Faqeer,Condo,2001 Bajrangi,Tampa,USA,17562,F,3434540960,4400,3
1009,Phuddi,Tukuja,Condo,131 Lo maan liya,Makhan,USA,32114,M,6784297319,3150,3
832,bhrawe,Jung,Restaurant,201 Anarkali,Tampa,USA,70195,F,8144309179,3150,3
521,mere,Jung,Restaurant,Mere phudda st,Miami,USA,27551,F,7984771956,1950,2
27,Randi,Zunda,Restaurant,131 Rungi St,Elk River,USA,89499,F,8279163480,3850,3
985,Mark,Crus,Restaurant,151 Mera surakh,Minneapolis,USA,65152,M,3973882100,3100,3
225,Sins,landa,Villa,101 Bakra mandi,Charlotte,USA,34098,F,7732186544,1100,1
1245,Kancha,Mukher,Restaurant,101 Bakra mandi,Boston,USA,40339,F,7239147474,1300,3
1763,Park,Crus,Restaurant,101 Bakra mandi,Makhan,USA,70403,M,3450683470,4200,1
1497,Kancha,Mukher,Villa,100 chugtai st,Elk River,USA,80747,M,2765936953,4100,2
1441,Bravo,Khan,Condo,131 Lo maan liya,Nasha,USA,43314,M,7600209565,4300,3
668,Mark,Jung,Apt,121 Bas aik,Indianapolis,USA,68808,F,4059396407,4250,3
701,Sin,Mukher,Restaurant,102 Randi bazaar,Elk River,USA,13965,M,2711330720,2650,2
383,Junoob,Zunda,Mall,2001 Bajrangi,Makhan,USA,32174,F,4593268288,3550,1
2039,Mark,Chauy,Condo,100 chugtai st,Westfield,USA,26957,M,5569692827,2350,2
2109,land,Zunda,Apt,100 chugtai st,Medina,USA,14443,M,8723509404,1750,1
2155,land,THota,Mall,Mere phudda st,Elk River,USA,12960,M,4500097782,2900,3
1627,land,Bakra,Villa,Mere phudda st,Indianapolis,USA,54322,M,5355389113,1650,1
2370,Kancha,ZUhair,Villa,101 Bakra mandi,Boston,USA,33550,M,7375834350,1650,3
2492,Mark,Chait,House,102 Randi bazaar,Minneapolis,USA,88063,F,3295684052,4850,2
1071,Phuddi,Essarni,House,201 Anarkali,Rochester,USA,64881,M,5620914149,2800,2
2821,Sanab,ZUhair,Villa,151 Mera surakh,Minneapolis,USA,66971,F,4787391199,4400,1
2240,Phuddi,Essarni,Villa,2001 Bajrangi,Indianapolis,USA,25828,F,7518176411,4650,3
1826,John,THota,House,131 Rungi St,Minneapolis,USA,11835,M,4886200505,4050,3
264,John,Pernal,House,102 Randi bazaar,Orlando,USA,39548,M,5855817082,3550,1
1615,Mark,Balami,Mall,121 Bas aik,Westfield,USA,67817,F,7663083439,4850,2
1105,Bravo,Pernal,Villa,2001 Bajrangi,Makhan,USA,10152,M,4146717947,4350,2
1908,Randi,Chauy,Condo,131 Rungi St,Elk River,USA,56011,F,5696387081,4250,1
1938,Phuddi,Chauy,Villa,2001 Bajrangi,Nasha,USA,74747,F,4447331274,2550,1
1746,Sanab,Jung,Condo,101 Bakra mandi,Minneapolis,USA,53918,M,8529835399,1700,2
2813,mere,Burka,Condo,102 Randi bazaar,Miami,USA,61806,M,8967435236,3900,1
1935,John,Chait,Condo,2001 Bajrangi,Boston,USA,15045,F,2066676796,1150,2
1036,Mark,ZUhair,Apt,121 Bas aik,Indianapolis,USA,43451,F,2737083582,4150,3
2397,Randi,Pernal,Mall,101 Bakra mandi,Tampa,USA,35285,M,2315930745,1250,2
665,Chutia,Balami,House,131 Lo maan liya,Rochester,USA,23559,M,2907467477,4300,1
566,Chand,Pernal,House,Mere phudda st,Karachi,USA,54693,F,8803607205,1350,1
131,Junoob,Mukher,Villa,131 Rungi St,Westfield,USA,63167,M,8671071522,2400,2
2130,Funter,Pernal,House,101 Bakra mandi,Boston,USA,83234,M,3098584981,4600,3
2732,Junoob,Jung,Apt,102 Randi bazaar,Westfield,USA,75390,F,2238520614,2200,3
2075,Kancha,Essarni,Condo,121 Bas aik,Tampa,USA,15088,M,4746012068,2200,2
2027,Sins,Faqeer,Condo,2001 Bajrangi,Medina,USA,49730,M,5720294686,3850,1
2123,Phuddi,Bakra,Mall,101 Bakra mandi,Charlotte,USA,70651,M,7965734844,1400,3
294,Junoob,Essarni,Villa,100 chugtai st,Makhan,USA,44308,F,4082049528,4200,3
2739,Sanab,Chauy,Villa,131 Rungi St,Nasha,USA,28738,M,2096124934,1700,1
318,Funter,Faqeer,Condo,121 Bas aik,Elk River,USA,22142,M,8307203877,1700,2
346,Randi,Pernal,Villa,131 Lo maan liya,Miami,USA,52259,M,8169308219,3850,1
2085,John,Faqeer,House,131 Rungi St,Boston,USA,33123,F,2490833750,4200,3
232,Phuddi,landa,House,131 Rungi St,Karachi,USA,69817,F,8888208111,2850,3
112,Phuddi,Crus,Restaurant,131 Lo maan liya,Orlando,USA,67669,M,5218147799,2800,2
833,char,Bakra,Apt,Mere phudda st,Orlando,USA,18594,F,8472863802,3950,2
196,char,Faqeer,Restaurant,131 Lo maan liya,Karachi,USA,34113,F,4778870181,4400,2
2096,Kancha,Khan,Condo,201 Anarkali,Indianapolis,USA,86089,M,5496530682,2700,1
2536,Sanab,Jung,Mall,131 Rungi St,Sharon,USA,83034,M,7216161974,2650,3
2923,Phuddi,Faqeer,Mall,131 Rungi St,Minneapolis,USA,72882,F,6953428884,4850,3
239,Funter,Kinara,Mall,102 Randi bazaar,Tampa,USA,88114,M,3494287008,2300,2
906,Junoob,Balami,Apt,100 chugtai st,Sharon,USA,69766,F,7228522579,3800,2
490,mere,Kinara,Condo,201 Anarkali,Makhan,USA,86946,F,4313191394,2600,3
736,Kancha,Chait,Apt,121 Bas aik,Nasha,USA,63156,F,6418991764,2650,3
2455,mere,Mukher,Restaurant,2001 Bajrangi,Makhan,USA,74203,F,6128344177,4550,1
2445,mere,landa,Restaurant,121 Bas aik,Orlando,USA,42796,M,2366839003,2100,2
1606,char,Khan,Villa,131 Rungi St,Rochester,USA,44572,F,3047831661,2150,1
1642,Funter,Khan,Apt,201 Anarkali,Boston,USA,57372,M,3256591352,3400,3
2852,Mark,Mukher,Mall,100 chugtai st,Boston,USA,17394,M,7711656975,2650,1
1124,John,Balami,Apt,131 Lo maan liya,Nasha,USA,60009,F,2442185636,2000,3
1418,Junoob,Kinara,Condo,2001 Bajrangi,Makhan,USA,48562,M,6101252869,4700,2
2193,Randi,Balami,Apt,2001 Bajrangi,Minneapolis,USA,15409,M,3767273156,1950,1
2518,Junoob,Chait,Restaurant,121 Bas aik,Boston,USA,18542,M,2984750948,3000,2
78,Sin,Balami,Mall,100 chugtai st,Sharon,USA,61584,F,4568583551,4350,1
1549,Funter,Chauy,Mall,100 chugtai st,Miami,USA,47207,F,4738614639,3750,1
2935,Phuddi,Chait,Villa,121 Bas aik,Rochester,USA,27545,M,3027728746,2350,3
2861,mere,Essarni,Apt,101 Bakra mandi,Indianapolis,USA,77131,M,2244065769,1100,3
934,Chutia,Tukuja,Villa,2001 Bajrangi,Rochester,USA,89422,M,2629689347,1350,2
802,Junoob,Chait,House,Mere phudda st,Miami,USA,77995,F,5442916432,4700,2
1100,Funter,THota,Villa,201 Anarkali,Sharon,USA,14935,M,7392483056,4450,3
1696,Park,Chait,Mall,100 chugtai st,Sharon,USA,31776,M,2693762744,1600,1
1276,Randi,Balami,Mall,201 Anarkali,Indianapolis,USA,88138,M,8125528031,3100,2
1367,land,Mukher,Restaurant,131 Rungi St,Westfield,USA,30626,M,8707330903,1250,1
1564,land,Balami,Mall,102 Randi bazaar,Minneapolis,USA,45965,F,5269483531,1800,2
261,Randi,Bakra,Condo,201 Anarkali,Sharon,USA,13304,F,6839093981,2600,3
2862,John,Chauy,Restaurant,Mere phudda st,Minneapolis,USA,34131,M,3930610606,1150,3
2201,Phuddi,Bakra,House,Mere phudda st,Charlotte,USA,39627,F,5715956075,4600,2
1986,Park,landa,House,102 Randi bazaar,Indianapolis,USA,73732,M,6746314266,1450,2
15,land,Pernal,Apt,201 Anarkali,Nasha,USA,20144,F,5298311019,3950,1
146,Chutia,Essarni,Mall,151 Mera surakh,Rochester,USA,60299,F,7635496480,2100,3
2381,Funter,Mukher,Mall,100 chugtai st,Indianapolis,USA,51794,M,7154714016,4800,3
2695,land,Zunda,Apt,101 Bakra mandi,Makhan,USA,59278,M,5715225583,2250,2
1801,Chutia,Crus,Apt,Mere phudda st,Indianapolis,USA,39774,M,6403872253,4550,3
2270,char,Mukher,Mall,100 chugtai st,Medina,USA,43505,F,5893975882,2500,2
450,Sin,Chait,Condo,121 Bas aik,Nasha,USA,42093,M,5061840300,1750,2
1575,Park,Balami,Restaurant,102 Randi bazaar,Karachi,USA,61864,M,3752399324,4500,2
1040,John,Mukher,Apt,131 Rungi St,Orlando,USA,11464,M,3969966286,2500,3
506,John,Burka,Restaurant,131 Lo maan liya,Makhan,USA,21972,M,4032445130,3800,1
2877,Park,ZUhair,House,100 chugtai st,Medina,USA,76210,M,7964069700,4800,3
2827,Randi,Pernal,Condo,131 Lo maan liya,Minneapolis,USA,87964,F,3446279325,2100,1
939,Kancha,landa,Mall,2001 Bajrangi,Minneapolis,USA,48934,M,6198848043,4600,1
1662,char,landa,Restaurant,100 chugtai st,Karachi,USA,61273,M,8743331978,3200,2
2009,Sin,Balami,Mall,151 Mera surakh,Miami,USA,45268,M,3745209294,2050,1
9,Mark,Pernal,Mall,100 chugtai st,Makhan,USA,12177,M,4310296039,2050,3
2244,Sin,Faqeer,Villa,Mere phudda st,Makhan,USA,74088,M,8031663751,2350,2
1558,bhrawe,Zunda,Restaurant,131 Rungi St,Indianapolis,USA,47385,M,2838388751,4400,3
1440,Bravo,Balami,Restaurant,Mere phudda st,Charlotte,USA,84141,M,4124782084,1200,3
738,Chutia,THota,Villa,2001 Bajrangi,Sharon,USA,29451,F,2951003066,1200,1
1098,Randi,Mukher,Villa,2001 Bajrangi,Elk River,USA,55637,M,6130629379,2250,2
2283,Ganja,ZUhair,Condo,100 chugtai st,Orlando,USA,32587,F,6418227709,1450,3
668,Ganja,Chauy,Villa,102 Randi bazaar,Charlotte,USA,75969,F,7176968113,3300,3
564,Kancha,Essarni,Apt,100 chugtai st,Minneapolis,USA,42886,M,5031991068,3900,3
1772,Funter,Tukuja,Condo,151 Mera surakh,Medina,USA,55463,F,6609567433,4400,1
2302,Sin,landa,Condo,131 Rungi St,Tampa,USA,17883,M,4374887224,3650,3
384,John,Faqeer,Restaurant,131 Lo maan liya,Charlotte,USA,57956,F,8165973618,3050,3
314,Ganja,Pernal,Apt,102 Randi bazaar,Minneapolis,USA,11889,F,3386753413,4100,3
1362,Sanab,Essarni,Mall,Mere phudda st,Boston,USA,60399,F,2036545081,2900,1
2890,mere,ZUhair,Restaurant,102 Randi bazaar,Tampa,USA,15843,F,5618569448,2400,3
273,Funter,ZUhair,Mall,201 Anarkali,Orlando,USA,39943,F,3119676966,2350,1
1640,John,Tukuja,Villa,Mere phudda st,Orlando,USA,27654,M,8669405098,3400,3
858,Randi,THota,Mall,Mere phudda st,Elk River,USA,38587,F,7951103315,4400,3
1693,Ganja,Jung,Restaurant,100 chugtai st,Tampa,USA,23525,F,4932613852,4800,1
434,Junoob,Bakra,Condo,2001 Bajrangi,Rochester,USA,38278,M,8335845787,4650,3
1073,bhrawe,Burka,House,2001 Bajrangi,Medina,USA,35502,M,7635484350,3700,2
1104,char,Khan,Apt,131 Lo maan liya,Charlotte,USA,55741,F,5487985809,2700,1
609,Kancha,Khan,Villa,Mere phudda st,Miami,USA,50779,F,6775770933,2950,3
334,Sanab,Faqeer,Condo,101 Bakra mandi,Medina,USA,27171,F,4870209466,1750,3
104,Ganja,Essarni,Villa,102 Randi bazaar,Elk River,USA,30292,M,6651166620,1050,3
1031,Randi,Kinara,Villa,100 chugtai st,Indianapolis,USA,70497,F,2987167369,4750,1
1716,mere,Tukuja,Apt,101 Bakra mandi,Makhan,USA,64135,F,8602457882,4850,2
2245,Randi,Faqeer,Mall,151 Mera surakh,Charlotte,USA,50850,F,4558329048,3500,3
1957,Funter,Jung,House,2001 Bajrangi,Karachi,USA,76394,M,5119014559,4350,2
1685,bhrawe,Chauy,Apt,102 Randi bazaar,Charlotte,USA,31511,M,5530502950,3950,3
457,John,Khan,Apt,151 Mera surakh,Westfield,USA,73927,F,3533096254,2000,2
2234,land,Jung,Villa,100 chugtai st,Charlotte,USA,34198,M,3976635181,4500,1
1549,char,Mukher,Restaurant,151 Mera surakh,Elk River,USA,19972,F,7039871457,1350,3
2775,Sanab,Khan,Condo,201 Anarkali,Miami,USA,64523,M,5435313483,2950,1
825,char,THota,Mall,151 Mera surakh,Minneapolis,USA,89541,M,6004922245,1450,3
453,mere,Kinara,House,121 Bas aik,Charlotte,USA,60218,F,8929042902,2200,3
281,Sin,Tukuja,Condo,201 Anarkali,Rochester,USA,19556,M,3902796909,2900,1
1320,John,Mukher,Apt,100 chugtai st,Vegas,USA,13961,F,7695628158,2600,1
216,Kancha,Chauy,House,2001 Bajrangi,Elk River,USA,20088,F,7650088967,2450,3
776,Kancha,Faqeer,Villa,101 Bakra mandi,Miami,USA,11798,F,7564427818,4500,3
693,John,landa,Condo,100 chugtai st,Nasha,USA,43289,F,5523311988,1300,2
1436,Kancha,Balami,Mall,100 chugtai st,Charlotte,USA,80820,M,5511643362,2800,1
2452,mere,Khan,Mall,201 Anarkali,Karachi,USA,14474,F,2135603634,2100,3
966,Kancha,Chait,Restaurant,201 Anarkali,Medina,USA,81703,F,3022216921,2250,2
1401,Ganja,Jung,Villa,131 Rungi St,Minneapolis,USA,17584,F,5924469624,1800,2
146,mere,Pernal,Condo,121 Bas aik,Boston,USA,70013,M,7290819078,2500,3
54,John,Bakra,House,Mere phudda st,Miami,USA,30742,F,2786023530,4250,3
389,Randi,Balami,Villa,131 Lo maan liya,Elk River,USA,37470,M,3417216720,1150,2
94,Phuddi,Zunda,House,131 Rungi St,Vegas,USA,56558,M,4606918184,4500,1
1792,Chand,Zunda,House,100 chugtai st,Sharon,USA,17162,F,4077344343,3000,3
2710,Funter,Kinara,Restaurant,131 Lo maan liya,Medina,USA,23853,F,7259449978,4250,1
2092,Sins,Bakra,Restaurant,131 Lo maan liya,Orlando,USA,79182,M,8436225463,3950,3
1707,Junoob,Burka,Restaurant,131 Lo maan liya,Sharon,USA,43487,M,4140666801,3200,1
950,Kancha,Balami,Restaurant,101 Bakra mandi,Nasha,USA,78305,F,2917343192,1650,2
20,Chand,Chait,Apt,121 Bas aik,Elk River,USA,68290,F,8427882212,2150,3
840,Park,Balami,Condo,131 Lo maan liya,Medina,USA,16484,M,4005559655,3150,2
151,mere,Bakra,Condo,201 Anarkali,Tampa,USA,29708,F,5359152684,4700,3
2950,Funter,Balami,Apt,151 Mera surakh,Karachi,USA,37483,F,2907215915,2300,2
1878,Park,Mukher,Villa,201 Anarkali,Makhan,USA,84694,F,6787805988,1050,1
16,Chutia,Chauy,Apt,131 Lo maan liya,Miami,USA,10398,M,7494243379,2600,1
2776,Mark,Kinara,Condo,Mere phudda st,Karachi,USA,59639,M,4671340370,1200,3
