maintenance_ID,maint_date,maint_comment,maint_hours,inq_f_id,cont_id
64,8/14/2010,overall repairs,36,965,5
2599,10/18/2019,broken bulbs,47,598,4
2914,9/1/2009,toilet leak,31,2059,1
261,3/6/2012,appliances not working ,30,999,2
1018,10/18/2007,toilet leak,38,914,2
1962,3/24/1993,door fixtures,48,287,5
312,8/14/2010,appliances not working ,33,1998,2
929,3/24/2014,door fixtures,44,1154,2
2756,5/6/1991,door fixtures,1,590,5
2867,10/18/2019,door fixtures,23,2422,2
750,9/1/2009,broken bulbs,14,1287,3
1739,3/24/1993,pipe-clogged,25,128,2
1201,6/2/2010,ac problem,20,2241,5
2914,5/25/1997,overall repairs,28,705,3
1979,3/6/2012,toilet leak,37,897,2
545,5/6/2011,appliances not working ,40,2031,5
2423,5/25/2013,ac problem,27,1802,3
1050,9/1/2009,ac problem,46,85,3
2491,6/2/2010,door fixtures,19,134,5
1416,9/1/2016,appliances not working ,7,2176,4
434,3/6/2012,pipe-clogged,30,2928,4
2623,10/18/2019,toilet leak,12,188,3
502,5/25/2013,overall repairs,14,2763,5
1092,3/6/2012,pipe-clogged,49,903,4
1434,3/24/2014,ac problem,40,2579,5
367,6/2/1971,appliances not working ,2,829,2
2448,10/18/2007,ac problem,37,757,1
1781,9/1/2016,appliances not working ,8,2191,3
1148,10/18/2019,ac problem,48,2695,5
215,9/1/2009,overall repairs,5,2236,3
2319,8/14/2010,toilet leak,9,2368,1
2939,8/14/2010,toilet leak,10,1721,2
899,3/24/1993,broken bulbs,6,840,5
1174,5/6/1991,door fixtures,48,2075,3
473,5/6/1991,appliances not working ,47,488,3
1398,9/1/2016,overall repairs,21,1118,3
676,6/2/1971,overall repairs,43,2053,2
1963,5/25/2013,toilet leak,15,278,5
2263,9/1/2009,ac problem,8,1560,5
2697,5/6/2011,ac problem,39,1575,1
1300,9/1/2009,toilet leak,8,2701,4
1815,6/2/2010,broken bulbs,29,1349,4
988,5/25/2013,overall repairs,13,26,5
1977,5/25/2013,broken bulbs,47,2966,3
2853,3/24/2014,toilet leak,11,1514,4
2754,6/2/2010,pipe-clogged,48,330,4
2084,6/2/1971,pipe-clogged,5,2576,5
892,5/25/2013,appliances not working ,32,492,5
2064,10/18/2007,toilet leak,18,106,4
454,10/18/2019,door fixtures,12,1847,2
830,10/18/2007,ac problem,44,80,5
131,9/1/2016,ac problem,23,2761,1
1393,8/14/2002,broken bulbs,3,2376,2
1949,8/14/2010,appliances not working ,9,1905,5
734,3/24/2014,ac problem,9,1642,3
142,10/18/2019,pipe-clogged,40,1905,2
2061,3/24/2014,broken bulbs,1,555,3
390,3/6/1997,door fixtures,38,1695,3
1233,10/18/2007,ac problem,5,106,2
1746,5/25/1997,ac problem,24,2505,5
854,3/6/1997,appliances not working ,10,19,2
1078,3/6/1997,toilet leak,29,278,2
1833,6/2/1971,toilet leak,14,1167,4
1397,8/14/2010,ac problem,48,657,2
43,3/6/1997,door fixtures,13,206,3
1905,3/24/1993,appliances not working ,41,2295,4
843,3/6/1997,ac problem,19,164,2
1010,10/18/2007,broken bulbs,11,892,3
893,8/14/2002,door fixtures,17,693,4
2239,5/6/2011,overall repairs,36,2203,2
1640,8/14/2010,overall repairs,19,1208,3
894,9/1/2009,toilet leak,41,728,5
1478,9/1/2009,ac problem,31,988,1
2765,9/1/2016,pipe-clogged,24,244,2
1932,8/14/2002,overall repairs,32,692,3
2007,10/18/2019,ac problem,41,2552,5
853,9/1/2009,broken bulbs,36,1634,1
1903,5/6/1991,door fixtures,1,2901,4
1749,5/6/1991,ac problem,42,2714,2
2481,5/6/2011,overall repairs,46,1934,2
1543,10/18/2007,appliances not working ,12,1131,2
1098,6/2/2010,toilet leak,49,2064,1
1871,9/1/2009,appliances not working ,16,299,1
2777,10/18/2019,broken bulbs,12,1008,3
2385,3/24/1993,pipe-clogged,9,2734,2
2891,5/6/2011,toilet leak,1,1908,2
363,3/24/1993,ac problem,19,1187,4
1489,10/18/2019,door fixtures,8,1900,4
2752,9/1/2016,toilet leak,42,953,5
1614,9/1/2009,overall repairs,21,293,1
2902,3/6/1997,broken bulbs,47,2740,5
2305,10/18/2019,ac problem,4,416,2
320,9/1/2016,ac problem,35,1545,3
2165,10/18/2019,appliances not working ,22,2755,1
2185,3/6/1997,door fixtures,17,1078,4
2192,9/1/2016,appliances not working ,19,1427,3
2809,3/24/2014,toilet leak,9,1199,4
1229,5/25/2013,door fixtures,1,572,4
2790,3/6/1997,door fixtures,18,427,3
459,6/2/1971,overall repairs,10,2585,5
484,5/25/1997,ac problem,33,2325,2
2229,6/2/2010,broken bulbs,3,1501,2
735,3/6/2012,door fixtures,41,568,5
1488,6/2/1971,ac problem,1,869,1
640,3/24/2014,overall repairs,18,2805,5
2286,5/6/1991,ac problem,31,1412,4
1027,5/6/2011,appliances not working ,4,2771,1
2006,5/6/2011,door fixtures,45,2724,2
197,10/18/2019,pipe-clogged,10,1158,5
91,10/18/2007,appliances not working ,44,123,4
675,5/25/1997,door fixtures,10,1271,4
991,6/2/1971,toilet leak,27,2377,1
86,8/14/2010,pipe-clogged,15,1386,1
2311,10/18/2019,appliances not working ,21,1237,5
1902,6/2/1971,pipe-clogged,24,343,4
969,6/2/2010,overall repairs,39,2130,2
2348,3/24/1993,pipe-clogged,45,1459,3
1510,9/1/2009,toilet leak,32,592,5
1564,5/25/2013,overall repairs,40,981,4
2369,5/6/2011,pipe-clogged,39,1560,2
1729,10/18/2007,overall repairs,21,1817,2
1897,5/25/2013,appliances not working ,25,542,3
287,3/6/1997,broken bulbs,45,1298,4
2995,5/25/2013,appliances not working ,41,1206,1
572,5/6/2011,ac problem,42,147,2
1449,10/18/2019,ac problem,25,1523,5
612,5/25/2013,appliances not working ,41,1722,1
2682,3/6/1997,door fixtures,30,1180,4
215,6/2/1971,door fixtures,39,1356,5
2661,10/18/2007,toilet leak,4,981,4
2060,9/1/2016,toilet leak,2,303,4
670,5/6/2011,broken bulbs,25,2353,1
463,8/14/2010,door fixtures,20,1244,5
1566,6/2/2010,door fixtures,14,2243,4
2401,9/1/2016,broken bulbs,35,2167,4
1014,9/1/2009,toilet leak,47,36,5
2361,5/25/1997,ac problem,41,2430,5
845,9/1/2016,appliances not working ,12,2059,2
2260,3/6/2012,door fixtures,46,2721,4
1222,6/2/2010,overall repairs,20,42,1
1848,9/1/2009,door fixtures,44,2144,3
1631,3/24/2014,broken bulbs,13,56,2
661,9/1/2016,ac problem,21,2888,5
2695,10/18/2019,appliances not working ,11,1230,2
107,3/24/2014,ac problem,26,1557,3
358,6/2/1971,ac problem,8,375,3
642,3/24/1993,pipe-clogged,11,949,3
2101,5/6/1991,overall repairs,37,951,3
1967,8/14/2010,overall repairs,40,349,2
2413,6/2/2010,door fixtures,36,1365,1
2018,9/1/2016,overall repairs,31,762,4
2854,5/6/1991,door fixtures,6,2315,5
2078,9/1/2009,pipe-clogged,25,2424,4
1965,6/2/2010,door fixtures,32,2557,5
2534,9/1/2016,overall repairs,9,1706,5
2331,10/18/2007,pipe-clogged,18,703,2
2037,5/25/2013,appliances not working ,21,1655,5
1783,5/6/1991,door fixtures,10,2321,5
2635,6/2/2010,toilet leak,42,1082,5
1793,3/6/1997,overall repairs,29,318,1
1935,3/6/1997,overall repairs,9,1219,5
1030,6/2/1971,ac problem,42,460,2
2002,3/6/2012,overall repairs,12,262,5
2550,5/25/1997,pipe-clogged,17,1033,3
332,5/25/2013,door fixtures,12,860,2
930,6/2/1971,overall repairs,20,1677,5
1127,3/24/1993,appliances not working ,6,1608,1
659,3/6/1997,ac problem,1,2815,5
1073,6/2/1971,toilet leak,20,288,4
766,3/24/1993,ac problem,42,1349,2
2246,5/6/1991,broken bulbs,20,643,4
2855,10/18/2019,toilet leak,20,2682,4
314,6/2/2010,broken bulbs,34,209,2
2017,5/25/1997,broken bulbs,9,790,5
1733,5/6/2011,door fixtures,11,154,5
1327,9/1/2016,appliances not working ,40,1372,4
304,3/6/2012,ac problem,31,395,1
1204,3/24/1993,toilet leak,40,1275,5
253,10/18/2019,pipe-clogged,5,1817,5
311,5/6/2011,toilet leak,48,482,5
776,3/24/2014,pipe-clogged,37,664,1
1675,9/1/2009,door fixtures,31,1572,5
823,3/6/2012,door fixtures,24,2331,4
193,9/1/2016,broken bulbs,30,1765,5
1832,3/6/1997,appliances not working ,8,2221,3
2366,3/6/1997,toilet leak,26,372,4
2797,6/2/2010,door fixtures,34,831,4
2916,9/1/2009,overall repairs,49,1782,3
2560,3/6/1997,ac problem,1,2826,5
1334,9/1/2016,door fixtures,45,1720,2
2475,10/18/2007,pipe-clogged,17,684,3
1674,8/14/2002,toilet leak,4,467,2
260,10/18/2007,broken bulbs,8,1225,3
428,9/1/2016,overall repairs,15,333,5
1234,10/18/2019,toilet leak,8,2244,5
2054,10/18/2007,broken bulbs,16,401,2
2440,5/6/1991,door fixtures,5,1894,4
1094,10/18/2007,door fixtures,8,1706,2
1559,8/14/2002,appliances not working ,21,614,5
675,3/24/1993,door fixtures,10,200,4
823,3/24/2014,broken bulbs,36,1990,3
1870,9/1/2016,appliances not working ,27,1272,2
1765,3/6/2012,ac problem,16,2089,3
1542,3/24/2014,pipe-clogged,13,1538,4
291,6/2/2010,toilet leak,4,1601,3
1696,6/2/2010,overall repairs,26,1410,5
88,5/6/1991,pipe-clogged,34,1375,4
2951,8/14/2002,toilet leak,10,630,3
2296,6/2/1971,pipe-clogged,8,2576,3
2669,9/1/2016,pipe-clogged,15,2196,3
838,6/2/2010,toilet leak,21,2211,4
884,3/6/1997,pipe-clogged,25,1464,5
351,3/6/2012,toilet leak,45,2957,4
2512,8/14/2002,door fixtures,47,882,3
1589,3/24/1993,broken bulbs,46,1652,3
1355,6/2/2010,toilet leak,27,200,5
63,10/18/2019,overall repairs,45,1379,1
1048,6/2/1971,ac problem,12,1009,4
1876,5/25/1997,broken bulbs,45,1195,5
2043,3/6/2012,appliances not working ,29,1854,4
2327,9/1/2016,pipe-clogged,45,2712,4
1840,3/6/2012,toilet leak,44,316,4
244,6/2/1971,broken bulbs,10,2316,3
2283,10/18/2007,appliances not working ,24,2901,5
432,3/24/1993,pipe-clogged,17,2802,5
179,10/18/2019,door fixtures,49,1994,4
2021,8/14/2010,door fixtures,18,799,2
2523,3/24/1993,overall repairs,20,1388,2
2873,10/18/2019,appliances not working ,17,862,2
2967,5/25/1997,overall repairs,17,616,5
148,8/14/2010,pipe-clogged,48,2790,4
2474,5/6/1991,appliances not working ,10,2607,5
2374,6/2/1971,pipe-clogged,18,137,1
1132,5/6/1991,broken bulbs,49,175,5
191,5/25/1997,toilet leak,3,1300,5
2989,8/14/2010,pipe-clogged,33,661,1
1291,5/6/2011,toilet leak,17,1299,5
1589,5/25/1997,pipe-clogged,39,982,5
556,3/24/1993,pipe-clogged,18,2024,1
1179,5/6/2011,toilet leak,36,276,5
2292,6/2/2010,ac problem,21,1470,3
1448,10/18/2019,toilet leak,12,1388,4
1755,10/18/2019,appliances not working ,28,1700,5
39,3/6/1997,broken bulbs,49,1984,2
874,9/1/2009,toilet leak,42,477,2
651,5/6/2011,pipe-clogged,49,1890,2
1674,3/6/2012,pipe-clogged,9,2261,3
42,3/6/1997,overall repairs,18,2579,1
1685,5/25/2013,broken bulbs,23,2255,1
1976,3/24/1993,appliances not working ,20,2568,2
2873,3/24/1993,overall repairs,46,1637,2
2256,9/1/2016,broken bulbs,32,1832,1
977,9/1/2009,broken bulbs,25,3,1
2964,3/6/1997,door fixtures,3,1658,3
123,5/25/1997,appliances not working ,44,1701,4
2767,3/6/2012,pipe-clogged,25,190,4
233,3/6/2012,appliances not working ,22,2958,3
669,10/18/2019,appliances not working ,8,1800,2
1539,6/2/2010,appliances not working ,1,757,5
665,3/6/2012,appliances not working ,6,290,5
1898,8/14/2010,broken bulbs,14,1503,5
149,10/18/2019,door fixtures,19,181,2
1591,5/6/1991,door fixtures,37,2145,2
1052,10/18/2019,broken bulbs,15,1641,2
2688,8/14/2002,toilet leak,2,1501,5
2152,3/24/2014,appliances not working ,8,1220,4
2173,8/14/2002,ac problem,42,1684,3
1893,8/14/2010,toilet leak,48,375,3
1400,9/1/2016,door fixtures,7,1783,2
701,3/24/1993,appliances not working ,4,2112,4
713,3/24/2014,toilet leak,16,570,4
2434,8/14/2010,door fixtures,29,1056,4
916,8/14/2002,ac problem,45,2113,1
2038,6/2/1971,pipe-clogged,45,1383,3
469,9/1/2009,broken bulbs,28,600,4
2643,3/6/1997,overall repairs,41,1271,1
1988,9/1/2009,pipe-clogged,20,657,4
2097,5/25/2013,appliances not working ,26,1855,1
1328,8/14/2002,broken bulbs,19,678,4
1367,6/2/2010,door fixtures,43,884,3
309,5/25/2013,overall repairs,42,197,3
1419,10/18/2007,broken bulbs,6,17,2
2947,9/1/2009,door fixtures,9,1822,5
1686,3/24/1993,door fixtures,36,444,3
1379,3/6/1997,broken bulbs,1,679,5
681,6/2/2010,door fixtures,42,429,4
2495,6/2/2010,overall repairs,27,2195,4
2409,9/1/2009,door fixtures,5,1631,2
915,3/24/2014,toilet leak,49,2801,4
1957,3/24/2014,ac problem,13,787,3
562,6/2/1971,toilet leak,23,33,4
196,6/2/1971,ac problem,35,1287,2
1487,5/25/2013,toilet leak,18,189,5
2303,10/18/2019,overall repairs,19,2189,2
2332,10/18/2007,appliances not working ,13,1159,4
2617,6/2/2010,appliances not working ,35,484,3
1362,8/14/2002,broken bulbs,29,2338,5
2302,5/25/1997,overall repairs,10,1852,1
277,8/14/2010,pipe-clogged,23,2527,2
321,5/6/2011,toilet leak,4,320,4
1727,3/6/1997,ac problem,7,430,2
1454,6/2/2010,appliances not working ,43,1182,3
177,3/24/1993,ac problem,19,1557,2
866,3/6/2012,overall repairs,45,2662,2
2297,10/18/2019,door fixtures,36,2117,3
710,8/14/2002,broken bulbs,1,1050,2
462,3/6/1997,appliances not working ,36,611,2
2442,9/1/2016,broken bulbs,20,1478,2
378,8/14/2010,door fixtures,9,2915,3
1698,3/24/1993,overall repairs,10,1229,2
1670,5/6/1991,toilet leak,21,1552,2
1184,5/25/1997,pipe-clogged,30,469,4
644,5/25/2013,pipe-clogged,14,170,4
1412,3/24/2014,door fixtures,17,2623,5
2570,3/6/1997,pipe-clogged,21,1994,5
1247,5/25/2013,ac problem,46,53,1
2410,3/24/1993,broken bulbs,23,2707,5
1963,6/2/1971,door fixtures,29,1714,3
1118,8/14/2002,appliances not working ,44,1726,2
2627,6/2/2010,door fixtures,37,2760,1
2853,3/24/2014,broken bulbs,45,2603,4
60,8/14/2002,door fixtures,48,2335,4
1082,5/25/2013,ac problem,36,468,4
417,10/18/2019,door fixtures,16,57,3
690,8/14/2002,overall repairs,35,576,1
440,6/2/2010,appliances not working ,8,536,5
385,5/25/2013,overall repairs,21,2051,5
1749,5/25/1997,pipe-clogged,44,1243,1
1,3/6/2012,ac problem,30,1655,4
1582,5/25/2013,door fixtures,2,806,2
527,5/25/2013,door fixtures,17,606,3
2790,3/6/1997,door fixtures,30,1927,4
1258,5/6/2011,overall repairs,1,576,3
488,8/14/2002,ac problem,7,976,2
2200,8/14/2002,appliances not working ,22,1867,1
1198,5/6/1991,toilet leak,41,1434,3
147,8/14/2002,ac problem,11,1679,3
2066,10/18/2019,appliances not working ,30,505,3
2680,8/14/2002,pipe-clogged,6,1657,3
501,3/24/2014,toilet leak,22,295,5
398,9/1/2009,pipe-clogged,21,2025,1
1451,10/18/2019,pipe-clogged,20,664,2
694,5/25/1997,ac problem,7,2414,2
1151,9/1/2016,broken bulbs,23,287,2
577,5/6/2011,door fixtures,33,1514,3
1182,5/6/2011,toilet leak,43,1243,4
1125,3/6/1997,door fixtures,43,817,3
2663,6/2/2010,pipe-clogged,26,2893,1
1640,8/14/2002,door fixtures,37,2044,2
103,10/18/2019,broken bulbs,9,2629,1
523,6/2/1971,pipe-clogged,5,1526,5
261,5/25/2013,overall repairs,40,663,4
470,9/1/2009,appliances not working ,49,425,2
2816,9/1/2009,overall repairs,16,767,2
1147,3/24/2014,overall repairs,16,2500,3
21,10/18/2019,overall repairs,30,714,3
1793,5/25/1997,broken bulbs,45,352,5
2211,8/14/2002,toilet leak,19,2257,3
1152,8/14/2010,toilet leak,44,2334,3
1108,8/14/2010,broken bulbs,47,1259,5
357,3/6/2012,door fixtures,44,2164,3
490,10/18/2007,appliances not working ,13,1271,5
428,3/24/2014,appliances not working ,29,722,5
2666,3/24/2014,appliances not working ,45,2163,1
1180,3/6/2012,overall repairs,25,1218,1
2825,6/2/1971,overall repairs,21,1295,5
1779,10/18/2019,pipe-clogged,20,276,1
1594,5/6/2011,appliances not working ,5,2146,3
199,8/14/2010,pipe-clogged,14,2580,4
265,9/1/2016,broken bulbs,41,1816,3
2827,3/24/2014,toilet leak,24,2736,4
1987,9/1/2016,pipe-clogged,34,2893,4
1124,5/6/1991,broken bulbs,23,853,3
1021,3/6/1997,ac problem,17,1604,5
625,6/2/2010,overall repairs,26,334,2
955,8/14/2010,overall repairs,16,1203,3
912,5/6/2011,door fixtures,14,1073,5
2946,3/6/1997,appliances not working ,10,336,4
2202,6/2/2010,overall repairs,11,687,4
506,5/6/2011,appliances not working ,31,2667,1
1553,6/2/1971,pipe-clogged,29,2194,3
49,10/18/2019,pipe-clogged,7,1601,4
917,3/6/1997,overall repairs,40,1129,4
1796,10/18/2007,appliances not working ,39,725,2
2695,10/18/2007,appliances not working ,25,1145,4
450,6/2/1971,broken bulbs,33,1526,3
1788,9/1/2009,ac problem,49,2303,3
2099,10/18/2019,broken bulbs,9,2100,1
1513,6/2/1971,broken bulbs,13,1889,2
1492,8/14/2010,toilet leak,32,2839,1
2375,5/25/1997,pipe-clogged,33,766,5
399,5/25/1997,pipe-clogged,7,2725,1
289,10/18/2019,overall repairs,12,41,4
1732,3/24/1993,appliances not working ,2,1474,2
1257,6/2/1971,overall repairs,26,1800,4
1089,5/6/2011,appliances not working ,15,633,1
1069,10/18/2019,ac problem,48,878,4
1818,6/2/2010,appliances not working ,10,2195,1
323,3/6/1997,overall repairs,9,829,1
693,3/24/2014,broken bulbs,14,2910,3
2828,5/25/2013,overall repairs,28,2365,2
487,3/24/2014,toilet leak,7,626,5
1001,9/1/2016,toilet leak,23,2904,5
2572,9/1/2009,door fixtures,8,431,2
851,5/25/2013,appliances not working ,25,2068,1
2051,8/14/2002,broken bulbs,18,871,5
1638,3/6/2012,door fixtures,42,2069,4
2453,8/14/2002,ac problem,14,1565,3
239,3/24/1993,appliances not working ,32,421,1
1817,6/2/2010,broken bulbs,28,48,1
2132,5/6/1991,overall repairs,20,1908,1
1284,5/6/2011,appliances not working ,15,1176,5
1047,9/1/2016,ac problem,44,686,3
1973,8/14/2002,pipe-clogged,40,1755,5
2284,9/1/2016,toilet leak,8,1851,3
1049,5/25/1997,broken bulbs,11,322,5
51,3/6/2012,door fixtures,7,359,1
2412,3/24/1993,overall repairs,18,2681,5
459,9/1/2016,ac problem,2,925,3
869,5/6/2011,door fixtures,13,2072,5
556,5/25/1997,pipe-clogged,30,1647,5
1668,3/24/2014,overall repairs,4,1920,2
973,5/6/1991,broken bulbs,19,2924,2
758,5/6/2011,toilet leak,30,627,4
1746,5/25/1997,appliances not working ,12,2577,4
616,10/18/2007,pipe-clogged,9,356,2
1940,5/6/2011,door fixtures,24,1990,2
2543,5/6/2011,door fixtures,25,2439,2
2862,5/25/2013,toilet leak,19,2503,1
2693,3/24/2014,toilet leak,34,489,1
623,5/6/1991,ac problem,43,2427,3
1310,3/6/1997,toilet leak,6,2054,1
746,5/6/1991,door fixtures,31,629,4
1981,3/24/2014,broken bulbs,6,457,3
1525,6/2/2010,toilet leak,32,1509,3
2691,5/6/2011,pipe-clogged,39,2158,1
1098,9/1/2009,broken bulbs,25,2513,1
1293,10/18/2007,overall repairs,44,1927,2
796,3/6/1997,ac problem,47,66,5
2931,9/1/2016,appliances not working ,5,535,2
1474,6/2/2010,appliances not working ,21,49,3
1595,5/6/2011,door fixtures,30,2399,2
653,10/18/2019,appliances not working ,6,558,2
1412,3/6/2012,door fixtures,44,1692,3
1157,8/14/2010,pipe-clogged,14,1469,1
613,5/6/2011,ac problem,14,131,4
2804,5/6/1991,pipe-clogged,40,483,4
877,8/14/2010,toilet leak,34,1734,3
31,6/2/1971,door fixtures,10,2065,3
1405,8/14/2010,pipe-clogged,45,1826,5
667,5/6/2011,pipe-clogged,26,1544,4
882,5/6/1991,appliances not working ,14,1670,5
2252,9/1/2009,ac problem,12,394,2
1792,9/1/2016,toilet leak,9,2588,3
1119,5/25/2013,ac problem,12,1241,5
1877,3/6/2012,door fixtures,11,955,5
1641,9/1/2009,overall repairs,29,1098,2
2045,5/25/2013,pipe-clogged,20,1563,2
1596,8/14/2010,broken bulbs,38,457,4
1120,5/6/1991,ac problem,46,214,4
1170,3/6/1997,ac problem,43,1040,4
2957,3/24/2014,door fixtures,41,1661,1
2139,5/25/2013,appliances not working ,49,1621,5
2353,3/6/1997,pipe-clogged,28,545,5
13,10/18/2019,ac problem,27,1774,3
724,9/1/2016,door fixtures,9,2856,1
1886,10/18/2019,ac problem,7,337,5
646,8/14/2002,broken bulbs,22,2773,4
702,3/24/1993,broken bulbs,41,1704,1
14,6/2/2010,appliances not working ,31,1595,3
1444,3/6/1997,toilet leak,36,2428,4
1803,6/2/1971,broken bulbs,16,2712,2
954,3/24/2014,overall repairs,35,103,3
1015,3/6/1997,broken bulbs,4,2878,1
2345,6/2/1971,broken bulbs,5,510,1
1172,6/2/1971,overall repairs,31,2489,2
2701,3/6/1997,door fixtures,16,2895,5
488,6/2/2010,pipe-clogged,19,1133,1
2173,6/2/2010,broken bulbs,39,2604,1
768,10/18/2019,appliances not working ,30,1789,3
1162,5/25/1997,overall repairs,34,1866,4
2282,8/14/2002,overall repairs,12,1577,1
504,10/18/2007,pipe-clogged,38,209,3
548,10/18/2019,overall repairs,23,2002,4
1758,3/6/1997,door fixtures,43,2946,1
976,10/18/2007,ac problem,44,892,1
110,3/6/1997,appliances not working ,31,1650,2
2480,6/2/1971,appliances not working ,13,2821,2
1850,6/2/2010,door fixtures,18,1335,5
911,3/6/2012,door fixtures,36,773,3
629,6/2/1971,pipe-clogged,5,937,3
346,8/14/2010,broken bulbs,10,997,2
578,5/25/2013,toilet leak,26,376,1
459,9/1/2016,pipe-clogged,42,959,2
2735,9/1/2016,overall repairs,21,649,3
1467,5/25/1997,broken bulbs,8,714,5
2587,6/2/2010,door fixtures,41,2111,5
957,6/2/2010,ac problem,13,1713,3
36,5/25/1997,broken bulbs,29,132,1
2655,3/24/1993,pipe-clogged,42,2395,2
1722,9/1/2016,appliances not working ,4,2118,3
496,8/14/2002,broken bulbs,11,2238,1
2539,3/6/2012,door fixtures,33,2758,1
1379,9/1/2009,overall repairs,40,2689,1
425,9/1/2009,ac problem,49,1548,4
2237,9/1/2016,door fixtures,32,2708,5
307,8/14/2010,toilet leak,3,2654,3
2544,6/2/1971,ac problem,13,2082,4
106,9/1/2009,appliances not working ,46,2840,5
2479,8/14/2010,door fixtures,26,961,4
1766,10/18/2019,appliances not working ,37,2,4
66,9/1/2009,overall repairs,35,334,5
1958,5/25/2013,door fixtures,11,2092,4
583,5/6/1991,toilet leak,25,1071,4
592,9/1/2016,appliances not working ,8,2937,1
332,10/18/2019,door fixtures,13,2990,2
955,3/24/2014,appliances not working ,37,1799,2
2503,5/25/1997,toilet leak,6,2087,1
2848,3/6/1997,toilet leak,16,1690,5
1553,8/14/2002,pipe-clogged,13,2439,1
2836,6/2/2010,ac problem,47,2572,3
701,9/1/2009,pipe-clogged,27,1696,3
1362,6/2/2010,pipe-clogged,19,2623,3
2501,3/24/1993,pipe-clogged,13,493,3
2235,9/1/2009,ac problem,6,255,5
518,3/24/2014,toilet leak,40,605,4
2910,8/14/2010,ac problem,27,2346,3
16,3/24/2014,overall repairs,29,2162,1
1679,3/24/1993,toilet leak,45,1576,2
1833,3/6/1997,ac problem,47,852,5
830,9/1/2016,overall repairs,3,1570,3
1164,3/24/2014,ac problem,27,2064,1
2916,5/25/1997,pipe-clogged,31,2443,4
124,8/14/2002,toilet leak,34,2648,5
163,8/14/2010,pipe-clogged,44,2949,4
2789,3/6/2012,door fixtures,12,421,1
1949,3/24/2014,ac problem,36,1613,5
397,3/24/1993,toilet leak,11,1267,4
1796,10/18/2019,overall repairs,27,305,1
317,8/14/2010,ac problem,35,2474,1
2600,10/18/2007,overall repairs,30,723,5
43,3/24/1993,appliances not working ,42,963,5
395,9/1/2016,pipe-clogged,23,698,5
1034,10/18/2007,toilet leak,15,46,5
860,5/25/2013,pipe-clogged,16,49,4
1157,8/14/2010,toilet leak,17,1139,3
1695,5/25/1997,appliances not working ,8,2874,2
2905,3/24/2014,broken bulbs,38,854,1
1605,3/6/1997,appliances not working ,34,1506,5
94,6/2/2010,appliances not working ,1,114,5
2322,9/1/2009,ac problem,10,2901,5
2690,3/24/1993,appliances not working ,36,1466,4
231,8/14/2010,overall repairs,24,1816,2
2991,5/25/2013,door fixtures,25,221,4
1108,3/24/2014,toilet leak,36,2608,1
1506,3/6/1997,broken bulbs,33,130,3
634,5/6/2011,ac problem,16,1983,2
618,3/6/2012,broken bulbs,25,2773,2
1439,10/18/2007,ac problem,44,452,2
2111,10/18/2007,pipe-clogged,43,71,4
2036,3/24/2014,overall repairs,35,2959,2
1832,10/18/2007,broken bulbs,21,2652,5
985,9/1/2016,toilet leak,44,2914,4
894,3/24/2014,ac problem,17,1894,5
262,8/14/2010,broken bulbs,8,2607,4
955,8/14/2002,toilet leak,4,1547,4
2326,9/1/2016,ac problem,4,842,4
1496,5/25/1997,appliances not working ,49,74,2
2841,6/2/1971,overall repairs,24,948,2
26,3/6/1997,toilet leak,40,1525,2
771,9/1/2009,broken bulbs,29,878,1
251,3/24/2014,door fixtures,49,1387,4
1473,5/6/2011,broken bulbs,16,442,2
2018,8/14/2002,pipe-clogged,43,2,1
2379,5/25/2013,appliances not working ,14,2413,4
1667,3/24/2014,broken bulbs,20,408,1
2289,3/6/1997,door fixtures,16,631,5
2194,3/6/2012,broken bulbs,13,514,2
1137,8/14/2010,overall repairs,17,2741,1
2555,3/6/2012,ac problem,11,2878,2
1486,10/18/2019,pipe-clogged,24,635,4
1419,5/25/2013,toilet leak,37,1317,5
14,5/6/2011,overall repairs,16,507,3
725,6/2/2010,ac problem,39,1502,5
2206,8/14/2010,appliances not working ,9,1074,3
1077,3/24/1993,door fixtures,18,1585,4
587,5/6/1991,door fixtures,24,2307,5
1458,8/14/2002,toilet leak,46,2752,5
1417,3/6/1997,pipe-clogged,9,1399,4
996,8/14/2010,appliances not working ,14,1617,3
1330,3/6/2012,toilet leak,14,846,4
1939,6/2/2010,door fixtures,12,1409,5
1568,3/6/1997,overall repairs,37,2649,4
339,3/6/2012,ac problem,42,601,2
753,5/6/2011,toilet leak,10,1293,3
787,3/6/2012,door fixtures,1,126,2
107,8/14/2010,broken bulbs,17,2636,2
1787,5/6/1991,appliances not working ,30,1047,4
1549,3/24/2014,appliances not working ,1,650,4
773,3/6/2012,broken bulbs,35,2395,1
2397,3/6/2012,appliances not working ,2,2167,2
2580,9/1/2016,toilet leak,35,1824,2
1733,5/25/1997,pipe-clogged,44,2759,3
2981,8/14/2010,broken bulbs,22,349,1
314,3/6/2012,pipe-clogged,38,1687,3
542,5/6/1991,broken bulbs,35,484,1
1072,5/6/2011,appliances not working ,3,769,3
1422,10/18/2007,toilet leak,20,1251,4
1205,10/18/2007,toilet leak,27,2692,4
1458,8/14/2010,toilet leak,12,2882,5
1578,10/18/2019,ac problem,22,507,4
1343,3/6/2012,pipe-clogged,9,2179,5
1246,9/1/2016,appliances not working ,12,1741,2
610,6/2/2010,broken bulbs,30,1181,1
851,3/6/2012,ac problem,34,37,2
1718,5/25/2013,appliances not working ,21,1683,3
2755,8/14/2002,door fixtures,32,1961,5
880,3/6/1997,appliances not working ,25,1907,5
1263,9/1/2009,door fixtures,17,699,4
1692,3/6/1997,ac problem,45,1159,1
2207,3/24/1993,door fixtures,20,2304,4
2782,3/24/1993,broken bulbs,7,202,5
1332,8/14/2002,toilet leak,6,2244,1
1869,8/14/2010,broken bulbs,19,2654,2
1855,10/18/2007,appliances not working ,23,815,1
2709,10/18/2007,overall repairs,34,2466,3
2036,3/6/2012,door fixtures,30,2767,3
2649,5/25/1997,toilet leak,13,2816,4
1085,3/6/1997,overall repairs,42,268,3
1454,5/6/1991,toilet leak,30,2550,1
2608,5/25/1997,door fixtures,22,1074,4
2295,3/24/1993,overall repairs,49,2442,5
1291,9/1/2016,overall repairs,35,2849,1
802,3/6/2012,pipe-clogged,12,1087,3
1747,5/25/2013,appliances not working ,5,2935,5
2438,3/6/1997,overall repairs,7,547,4
597,5/6/2011,pipe-clogged,1,1741,1
1938,10/18/2019,ac problem,46,2052,5
2919,5/6/2011,overall repairs,1,2490,2
797,5/25/1997,ac problem,45,1801,1
561,9/1/2016,ac problem,26,861,1
2012,3/6/1997,appliances not working ,25,1134,5
2750,5/6/1991,door fixtures,34,2639,4
1824,5/25/2013,appliances not working ,16,754,1
2087,10/18/2007,pipe-clogged,4,1190,4
2310,3/6/1997,overall repairs,28,120,5
2269,6/2/2010,toilet leak,3,1212,5
2512,3/24/1993,appliances not working ,14,2169,3
889,6/2/2010,door fixtures,45,1479,2
379,8/14/2010,ac problem,43,2117,1
228,3/6/2012,appliances not working ,39,578,4
118,8/14/2002,pipe-clogged,15,484,3
1378,6/2/1971,broken bulbs,4,1025,3
2003,5/25/2013,door fixtures,47,2250,4
1410,6/2/2010,overall repairs,18,350,2
2607,8/14/2010,ac problem,16,1982,2
2648,5/25/2013,door fixtures,41,2658,5
2780,5/25/2013,pipe-clogged,9,2928,3
1688,3/6/1997,toilet leak,13,2859,2
2406,3/24/1993,toilet leak,7,1704,4
1183,5/6/2011,door fixtures,2,2617,1
920,3/24/1993,door fixtures,2,1900,5
2649,5/25/1997,overall repairs,25,1290,5
1018,3/24/2014,broken bulbs,45,915,2
2551,8/14/2010,ac problem,44,217,5
2024,3/24/1993,broken bulbs,37,2917,5
2717,5/25/2013,door fixtures,24,199,4
2509,5/25/1997,pipe-clogged,5,2868,2
645,3/6/2012,pipe-clogged,19,1651,3
2039,5/6/1991,overall repairs,14,757,5
984,3/24/1993,toilet leak,26,2060,5
1052,10/18/2019,toilet leak,30,2948,1
117,3/24/2014,appliances not working ,33,1168,1
384,8/14/2002,appliances not working ,34,1962,1
2341,10/18/2019,broken bulbs,37,1033,4
2454,5/25/2013,pipe-clogged,20,1811,2
247,3/6/2012,overall repairs,17,1811,1
1836,9/1/2009,overall repairs,37,159,1
2109,5/25/1997,broken bulbs,2,2400,4
1869,8/14/2010,appliances not working ,11,1629,1
658,8/14/2010,overall repairs,3,940,3
1356,5/25/1997,toilet leak,39,854,4
1494,10/18/2019,appliances not working ,11,2043,1
852,5/6/1991,pipe-clogged,16,1176,1
2342,3/6/2012,broken bulbs,7,1460,4
1668,5/6/2011,broken bulbs,33,1681,1
970,5/25/1997,broken bulbs,44,2549,5
603,3/24/2014,appliances not working ,49,2836,1
2310,5/25/1997,toilet leak,16,1905,1
2721,5/25/1997,appliances not working ,26,173,4
72,6/2/1971,door fixtures,2,1234,4
2387,3/6/2012,pipe-clogged,22,1225,5
531,5/6/1991,pipe-clogged,33,1733,3
2229,10/18/2019,appliances not working ,48,1032,1
1352,6/2/1971,appliances not working ,28,1387,1
1295,5/6/1991,broken bulbs,36,2094,4
2059,5/25/1997,door fixtures,39,564,2
934,10/18/2019,toilet leak,14,282,2
567,5/25/1997,pipe-clogged,35,128,2
2576,5/6/2011,toilet leak,1,1820,1
442,3/6/2012,ac problem,8,2880,2
2059,6/2/2010,broken bulbs,12,2147,3
2763,6/2/2010,door fixtures,4,141,5
470,6/2/1971,door fixtures,8,1127,2
654,5/6/2011,door fixtures,21,1512,3
1106,10/18/2007,door fixtures,1,87,5
1453,9/1/2009,ac problem,32,1271,3
303,5/25/2013,ac problem,41,983,5
586,8/14/2010,door fixtures,26,2847,3
787,3/6/2012,toilet leak,37,289,1
107,5/6/1991,ac problem,7,2862,1
145,8/14/2002,pipe-clogged,32,1106,4
500,5/6/1991,door fixtures,13,2686,5
2272,5/6/1991,pipe-clogged,9,1012,1
104,9/1/2016,ac problem,26,1123,5
1972,9/1/2016,broken bulbs,5,395,3
1999,5/6/1991,pipe-clogged,9,2315,1
567,10/18/2019,appliances not working ,2,1420,2
1355,6/2/2010,ac problem,47,225,5
819,3/24/1993,overall repairs,25,1677,2
2968,3/6/2012,broken bulbs,35,2059,4
2141,3/6/1997,toilet leak,1,1969,3
485,3/6/2012,toilet leak,49,2120,4
1237,6/2/1971,appliances not working ,34,2719,2
341,10/18/2019,ac problem,45,1982,3
2335,5/25/2013,overall repairs,7,575,1
499,5/6/2011,toilet leak,42,1708,3
1400,8/14/2010,pipe-clogged,10,1624,4
1237,5/6/1991,ac problem,41,56,3
355,10/18/2019,overall repairs,41,53,2
2391,10/18/2019,appliances not working ,1,1008,3
254,9/1/2009,broken bulbs,17,269,5
993,8/14/2010,appliances not working ,23,2051,4
2868,3/6/2012,ac problem,47,1268,1
149,6/2/2010,ac problem,40,929,3
1115,5/25/2013,pipe-clogged,17,2877,5
1211,8/14/2010,appliances not working ,35,1471,1
2964,10/18/2007,overall repairs,47,2938,1
2738,3/24/2014,overall repairs,38,2096,5
1522,10/18/2007,pipe-clogged,35,1677,1
1238,6/2/1971,appliances not working ,42,960,1
3,9/1/2016,overall repairs,21,635,4
2854,8/14/2002,toilet leak,35,389,5
1745,10/18/2019,toilet leak,3,2531,1
1706,6/2/2010,pipe-clogged,32,1755,1
1033,10/18/2019,toilet leak,41,967,4
2693,10/18/2007,ac problem,11,132,3
559,9/1/2009,door fixtures,40,1669,3
1942,6/2/1971,appliances not working ,47,2646,4
964,5/6/2011,overall repairs,3,2772,4
2960,3/24/2014,ac problem,19,1695,4
2587,3/6/2012,overall repairs,31,2923,4
130,5/25/1997,ac problem,37,2645,3
767,3/24/1993,pipe-clogged,21,2201,3
2549,9/1/2009,broken bulbs,13,1953,4
1368,8/14/2002,toilet leak,25,613,5
2488,10/18/2007,appliances not working ,43,1892,2
564,5/25/1997,door fixtures,38,1379,5
152,10/18/2007,ac problem,13,2437,1
2496,3/24/2014,pipe-clogged,38,2326,3
70,3/6/1997,door fixtures,8,474,5
1099,8/14/2002,appliances not working ,32,1887,1
56,3/24/2014,overall repairs,36,168,1
904,6/2/1971,toilet leak,11,252,4
407,8/14/2002,ac problem,37,1317,3
1637,10/18/2019,toilet leak,34,2093,4
2850,5/6/1991,broken bulbs,4,2114,1
1972,3/6/2012,broken bulbs,41,1196,3
348,8/14/2010,overall repairs,15,585,1
2929,6/2/2010,ac problem,15,1368,2
1401,10/18/2007,overall repairs,29,1532,5
2316,8/14/2010,overall repairs,9,1625,4
14,10/18/2007,overall repairs,44,2326,5
1290,5/6/1991,door fixtures,1,246,4
36,3/24/1993,toilet leak,5,2800,3
2986,8/14/2002,overall repairs,40,409,1
2102,5/25/2013,appliances not working ,35,2489,5
2074,5/25/2013,appliances not working ,28,316,1
2583,10/18/2019,overall repairs,20,1561,2
1704,5/6/2011,overall repairs,9,2991,2
2338,5/6/1991,broken bulbs,20,1958,5
122,5/25/1997,pipe-clogged,47,2543,5
365,5/25/1997,door fixtures,10,1895,3
709,5/25/2013,broken bulbs,7,1893,4
205,5/25/2013,broken bulbs,18,439,1
2436,10/18/2007,overall repairs,14,2215,4
62,3/6/2012,appliances not working ,45,2930,5
45,6/2/2010,toilet leak,16,544,3
1806,5/25/1997,door fixtures,27,2355,4
620,8/14/2002,door fixtures,12,1031,4
2952,6/2/2010,door fixtures,47,2854,2
764,8/14/2010,ac problem,47,1357,3
1416,8/14/2002,ac problem,39,2091,5
1758,9/1/2016,appliances not working ,40,137,2
2286,5/25/2013,door fixtures,12,1802,4
1974,5/25/2013,pipe-clogged,41,866,3
91,6/2/1971,broken bulbs,37,2783,5
2073,3/24/1993,appliances not working ,31,1746,2
1634,5/25/2013,appliances not working ,14,1930,2
1738,3/24/2014,broken bulbs,49,279,3
1526,5/6/1991,pipe-clogged,40,2282,3
646,5/6/2011,broken bulbs,49,976,5
2616,3/6/1997,broken bulbs,33,290,1
1222,3/6/1997,broken bulbs,13,2696,2
1880,5/25/1997,door fixtures,10,559,2
114,10/18/2007,door fixtures,12,1276,1
667,10/18/2019,pipe-clogged,4,55,3
1288,9/1/2016,ac problem,11,801,5
2145,5/6/1991,pipe-clogged,29,709,4
2507,5/25/1997,door fixtures,20,1316,2
926,3/6/1997,appliances not working ,47,636,3
523,10/18/2007,door fixtures,16,1691,4
292,5/6/1991,toilet leak,4,2609,1
303,8/14/2010,ac problem,20,2187,4
1637,10/18/2019,ac problem,26,1635,5
2816,6/2/1971,overall repairs,25,576,3
2623,5/25/1997,toilet leak,21,1378,3
1688,10/18/2007,appliances not working ,17,2440,5
2413,5/25/1997,toilet leak,1,2203,4
406,3/6/2012,overall repairs,3,1151,2
1241,10/18/2019,toilet leak,12,933,3
2639,9/1/2016,ac problem,41,319,4
2176,3/24/2014,toilet leak,43,630,5
972,3/6/2012,overall repairs,35,317,1
1964,3/6/1997,toilet leak,48,92,2
146,8/14/2010,pipe-clogged,20,547,3
1293,5/6/1991,ac problem,26,412,4
2489,9/1/2009,toilet leak,29,418,5
527,6/2/2010,pipe-clogged,34,2618,1
1716,3/6/1997,toilet leak,30,746,4
2200,9/1/2009,broken bulbs,27,869,4
1845,3/6/1997,toilet leak,2,1724,2
47,10/18/2007,appliances not working ,30,2521,2
1863,3/6/2012,pipe-clogged,14,543,1
1036,5/6/1991,overall repairs,22,1218,3
1018,9/1/2009,appliances not working ,41,1078,1
1888,3/24/2014,appliances not working ,7,2213,1
982,5/25/1997,ac problem,12,805,3
685,6/2/2010,door fixtures,12,220,1
2620,5/25/2013,door fixtures,8,2648,4
2471,5/6/1991,ac problem,4,1093,4
2213,8/14/2002,appliances not working ,9,1623,3
1818,10/18/2019,appliances not working ,42,44,5
1850,9/1/2016,appliances not working ,4,2174,1
2751,3/6/2012,ac problem,48,1625,1
2240,6/2/1971,toilet leak,25,1463,1
1724,5/6/1991,door fixtures,48,1194,2
2426,10/18/2007,door fixtures,19,24,1
1740,9/1/2016,ac problem,45,975,5
990,8/14/2010,pipe-clogged,24,1965,3
950,10/18/2019,door fixtures,18,1166,3
2953,5/6/2011,overall repairs,41,1684,3
1503,5/6/2011,appliances not working ,46,793,4
2456,8/14/2010,broken bulbs,39,2202,5
236,9/1/2009,toilet leak,17,2144,2
536,10/18/2019,door fixtures,9,1705,2
400,9/1/2009,overall repairs,22,752,2
2076,8/14/2010,door fixtures,44,2257,3
2850,8/14/2002,overall repairs,27,2118,3
1379,3/6/1997,pipe-clogged,1,1892,2
2786,5/25/1997,ac problem,29,1596,3
1774,3/24/1993,door fixtures,34,1147,2
2124,10/18/2019,broken bulbs,15,2479,3
1750,6/2/1971,overall repairs,4,1075,3
1574,6/2/1971,toilet leak,15,2389,3
1322,3/24/1993,pipe-clogged,18,1456,3
190,3/24/2014,appliances not working ,43,608,2
1172,3/6/2012,appliances not working ,28,2664,4
55,6/2/2010,ac problem,10,1482,1
1286,5/25/1997,broken bulbs,47,1349,3
1418,6/2/1971,door fixtures,23,1674,3
100,3/6/1997,overall repairs,16,2616,1
1923,3/6/2012,broken bulbs,40,466,5
610,3/6/1997,overall repairs,44,2733,3
1688,5/25/2013,overall repairs,33,1330,3
46,3/24/1993,ac problem,38,1480,3
2555,10/18/2007,appliances not working ,11,249,1
2304,3/24/1993,pipe-clogged,26,121,1
2599,6/2/1971,door fixtures,47,2549,2
592,10/18/2007,ac problem,14,309,3
794,3/24/2014,pipe-clogged,14,2722,4
371,6/2/1971,overall repairs,19,2815,5
1723,3/6/2012,toilet leak,49,2926,4
2038,8/14/2010,appliances not working ,3,2388,4
1597,6/2/1971,pipe-clogged,7,280,3
610,8/14/2010,appliances not working ,6,316,1
672,9/1/2016,door fixtures,36,541,1
2791,3/24/1993,appliances not working ,32,2479,2
1870,10/18/2007,pipe-clogged,34,1814,4
2025,5/25/1997,toilet leak,10,1477,2
2916,3/6/2012,toilet leak,36,148,1
2825,8/14/2010,broken bulbs,32,871,5
1387,3/6/2012,broken bulbs,11,2350,2
2019,3/24/2014,broken bulbs,33,2780,5
1162,3/6/1997,ac problem,33,1593,5
2562,8/14/2002,toilet leak,23,1545,2
2385,8/14/2002,toilet leak,6,959,5
2960,3/24/1993,door fixtures,19,211,5
2510,6/2/1971,door fixtures,19,1502,2
1010,10/18/2007,pipe-clogged,32,471,1
2687,3/6/1997,ac problem,44,1215,4
733,3/24/1993,ac problem,4,975,1
1961,10/18/2007,pipe-clogged,49,2890,2
1844,3/6/1997,overall repairs,17,1753,2
1667,10/18/2019,pipe-clogged,13,1449,4
327,9/1/2016,ac problem,43,2598,1
203,5/6/1991,overall repairs,16,2139,2
2240,5/6/1991,ac problem,42,2533,1
2352,8/14/2002,appliances not working ,38,2850,1
2431,3/6/2012,overall repairs,33,1914,2
2299,5/25/2013,ac problem,41,2867,4
1694,8/14/2010,pipe-clogged,39,651,5
537,3/6/2012,ac problem,3,1657,5
203,6/2/2010,appliances not working ,42,1557,2
1218,5/25/2013,pipe-clogged,24,2516,4
1359,5/6/2011,ac problem,1,2655,3
2486,10/18/2007,pipe-clogged,9,6,4
2520,3/6/2012,door fixtures,47,2390,4
2414,5/25/1997,appliances not working ,12,356,1
543,8/14/2002,ac problem,46,665,4
1875,9/1/2009,door fixtures,11,1051,1
1131,5/6/2011,pipe-clogged,9,751,2
2518,3/24/2014,broken bulbs,9,2289,4
512,9/1/2009,broken bulbs,19,1535,2
2566,10/18/2019,ac problem,6,1073,4
1787,6/2/1971,ac problem,24,2597,5
284,5/6/2011,broken bulbs,45,110,4
296,6/2/1971,ac problem,30,2680,3
52,9/1/2009,door fixtures,36,2357,4
27,5/6/2011,ac problem,25,2585,3
1199,8/14/2002,door fixtures,22,1253,2
496,3/24/1993,overall repairs,45,1957,2
1065,6/2/2010,toilet leak,22,2575,2
923,10/18/2007,overall repairs,1,699,1
1696,3/24/1993,overall repairs,16,1289,5
659,6/2/1971,toilet leak,48,2730,5
2862,3/24/1993,toilet leak,29,2529,2
1785,5/6/1991,door fixtures,35,2433,2
1781,3/24/1993,ac problem,19,261,1
2110,5/25/2013,toilet leak,19,472,1
2507,3/6/1997,door fixtures,6,777,1
1533,5/25/2013,pipe-clogged,40,933,5
1737,10/18/2007,toilet leak,30,1643,4
1492,10/18/2019,door fixtures,23,2866,4
321,6/2/2010,broken bulbs,11,2823,1
2459,5/25/2013,door fixtures,5,2521,5
2466,8/14/2010,overall repairs,35,1485,3
2089,3/24/2014,door fixtures,18,905,1
1619,5/6/1991,pipe-clogged,11,1471,1
509,8/14/2010,door fixtures,14,1758,5
1340,6/2/2010,appliances not working ,2,297,3
2445,3/6/2012,door fixtures,46,1291,3
749,5/25/2013,door fixtures,46,2733,1
1949,5/25/1997,broken bulbs,46,2357,1
306,3/24/2014,pipe-clogged,5,2743,4
1864,5/6/1991,ac problem,13,557,2
1393,5/25/2013,pipe-clogged,13,1491,3
2793,9/1/2009,broken bulbs,15,2014,2
577,3/24/1993,pipe-clogged,3,288,2
2854,10/18/2019,appliances not working ,33,501,1
1441,3/6/1997,ac problem,16,731,3
1935,6/2/1971,ac problem,29,373,3
184,3/6/1997,broken bulbs,14,592,2
834,10/18/2007,toilet leak,34,1872,1
1832,6/2/1971,pipe-clogged,7,1591,4
1414,6/2/2010,door fixtures,18,2619,2
1455,6/2/1971,toilet leak,41,1744,2
1534,3/6/1997,pipe-clogged,1,780,3
1518,5/25/2013,ac problem,37,2772,1
480,10/18/2019,pipe-clogged,27,423,4
1969,9/1/2009,overall repairs,11,1209,3
2959,9/1/2009,broken bulbs,35,406,1
421,3/6/2012,pipe-clogged,11,636,1
2370,5/25/2013,appliances not working ,43,2603,5
1732,9/1/2016,broken bulbs,9,2525,2
1340,3/24/1993,appliances not working ,27,2520,4
1540,3/24/2014,toilet leak,7,259,3
2717,8/14/2010,overall repairs,30,1541,2
141,10/18/2007,door fixtures,35,2107,1
420,8/14/2002,door fixtures,15,680,3
456,5/6/1991,pipe-clogged,38,2492,1
665,9/1/2009,appliances not working ,33,155,2
909,8/14/2010,toilet leak,46,2432,5
1334,10/18/2019,overall repairs,7,2091,1
1510,10/18/2007,pipe-clogged,29,2504,2
2686,5/25/2013,door fixtures,38,853,2
751,3/6/1997,broken bulbs,15,1159,5
788,5/6/2011,appliances not working ,46,742,5
2496,6/2/2010,pipe-clogged,38,537,3
257,10/18/2007,pipe-clogged,46,715,2
1106,6/2/1971,appliances not working ,19,2817,3
2715,9/1/2009,broken bulbs,27,1982,3
1008,5/25/2013,overall repairs,25,2310,4
432,10/18/2007,door fixtures,41,1029,2
674,6/2/1971,toilet leak,29,890,3
2339,5/6/2011,appliances not working ,18,2842,4
349,10/18/2007,overall repairs,4,248,5
2314,3/24/2014,door fixtures,8,2788,1
634,3/24/2014,overall repairs,2,2261,2
1153,6/2/2010,ac problem,1,1455,4
1533,5/25/2013,door fixtures,42,1250,5
