inq_id,propertyno,inquiry_type,date,Client_No
1329,167,ac problem,8/14/2010,1116
7,195,paint job inquiry,10/18/2019,2085
1702,295,pipe-clogged,9/1/2009,1401
943,80,appliances not working ,3/6/2012,2009
2940,156,broken bulbs,10/18/2007,1301
1018,164,property options,3/24/1993,2148
1972,164,door fixtures,8/14/2010,1524
1593,226,broken bulbs,3/24/2014,940
1918,24,appliances not working ,5/6/1991,1747
1623,163,appliances not working ,10/18/2019,1701
254,236,broken bulbs,9/1/2009,2001
1945,20,door fixtures,3/24/1993,2112
1359,184,property options,6/2/2010,2336
2254,5,pipe-clogged,5/25/1997,2267
810,97,pipe-clogged,3/6/2012,1833
241,6,broken bulbs,5/6/2011,831
2168,159,overall repairs,5/25/2013,2214
2031,299,broken bulbs,9/1/2009,2474
2301,104,appliances not working ,6/2/2010,2369
1736,296,paint job inquiry,9/1/2016,28
2060,32,ac problem,3/6/2012,1222
2491,115,door fixtures,10/18/2019,2363
638,37,appliances not working ,5/25/2013,2513
2095,154,pipe-clogged,3/6/2012,2016
514,257,toilet leak,3/24/2014,132
2567,171,overall repairs,6/2/1971,1316
53,18,property visit,10/18/2007,265
96,216,door fixtures,9/1/2016,1788
2684,257,door fixtures,10/18/2019,151
398,237,property options,9/1/2009,1498
1418,238,broken bulbs,8/14/2010,2536
566,170,toilet leak,8/14/2010,207
95,40,property options,3/24/1993,180
918,144,broken bulbs,5/6/1991,695
1678,178,broken bulbs,5/6/1991,2970
2979,57,pipe-clogged,9/1/2016,2992
475,98,paint job inquiry,6/2/1971,982
118,180,property options,5/25/2013,1472
2151,195,property visit,9/1/2009,789
1327,158,property visit,5/6/2011,359
2572,123,door fixtures,9/1/2009,422
1469,208,ac problem,6/2/2010,377
22,76,broken bulbs,5/25/2013,2666
1386,51,property visit,5/25/2013,1346
2536,221,broken bulbs,3/24/2014,2684
691,49,toilet leak,6/2/2010,2611
2525,111,door fixtures,6/2/1971,1666
2588,209,paint job inquiry,5/25/2013,1847
962,272,door fixtures,10/18/2007,1744
391,101,ac problem,10/18/2019,1656
1582,291,pipe-clogged,10/18/2007,887
636,158,property visit,9/1/2016,561
1049,198,toilet leak,8/14/2002,487
2894,187,property visit,8/14/2010,1835
692,137,paint job inquiry,3/24/2014,1204
2657,131,appliances not working ,10/18/2019,310
604,111,appliances not working ,3/24/2014,621
2545,1,property options,3/6/1997,1559
1077,184,pipe-clogged,10/18/2007,2838
2240,134,paint job inquiry,5/25/1997,942
2071,83,paint job inquiry,3/6/1997,1857
2571,187,property visit,3/6/1997,852
248,7,toilet leak,6/2/1971,2992
1958,103,appliances not working ,8/14/2010,971
94,101,property visit,3/6/1997,2412
2023,61,overall repairs,3/24/1993,1232
783,98,door fixtures,3/6/1997,1006
2526,188,appliances not working ,10/18/2007,750
783,244,pipe-clogged,8/14/2002,2485
1602,101,ac problem,5/6/2011,2896
1529,117,toilet leak,8/14/2010,708
444,256,ac problem,9/1/2009,1381
2807,213,overall repairs,9/1/2009,1674
877,179,ac problem,9/1/2016,710
1772,234,pipe-clogged,8/14/2002,383
1958,300,property options,10/18/2019,32
1932,232,ac problem,9/1/2009,998
272,183,property visit,5/6/1991,107
1874,263,property options,5/6/1991,2471
261,12,overall repairs,5/6/2011,2052
665,0,broken bulbs,10/18/2007,136
2262,205,ac problem,6/2/2010,432
1088,105,property visit,9/1/2009,1243
2688,209,overall repairs,10/18/2019,1503
385,57,ac problem,3/24/1993,312
519,86,property options,5/6/2011,1458
1901,168,broken bulbs,3/24/1993,364
1693,77,appliances not working ,10/18/2019,877
2620,233,overall repairs,9/1/2016,963
1501,191,broken bulbs,9/1/2009,550
1549,221,broken bulbs,3/6/1997,986
2125,256,property options,10/18/2019,1701
198,83,broken bulbs,9/1/2016,1412
734,172,overall repairs,10/18/2019,1087
596,130,broken bulbs,3/6/1997,1513
1383,287,property visit,9/1/2016,176
316,223,door fixtures,3/24/2014,1378
1533,184,paint job inquiry,5/25/2013,855
1944,106,door fixtures,3/6/1997,2155
1714,44,paint job inquiry,6/2/1971,205
965,214,pipe-clogged,5/25/1997,950
2906,,toilet leak,6/2/2010,2499
81,,ac problem,3/6/2012,2234
2755,,toilet leak,6/2/1971,2868
220,,ac problem,3/24/2014,2852
2097,,overall repairs,5/6/1991,2119
736,,appliances not working ,5/6/2011,608
1556,,toilet leak,5/6/2011,2303
1681,,pipe-clogged,10/18/2019,290
2583,,paint job inquiry,10/18/2007,1171
2289,,paint job inquiry,5/25/1997,141
719,,paint job inquiry,6/2/1971,1030
484,,door fixtures,8/14/2010,1485
1913,,overall repairs,10/18/2019,2487
792,,property options,6/2/1971,1739
2265,,ac problem,6/2/2010,132
1853,,appliances not working ,3/24/1993,2506
1080,,property options,9/1/2009,1896
710,,pipe-clogged,5/25/2013,2477
2402,,ac problem,5/6/2011,1953
2529,,door fixtures,10/18/2007,1617
2301,,appliances not working ,5/25/2013,39
1827,,door fixtures,3/6/1997,1054
558,,overall repairs,5/25/2013,1657
2341,,property options,5/6/2011,580
2699,,overall repairs,10/18/2019,2555
17,,overall repairs,5/25/2013,1152
779,,property options,3/6/1997,776
1161,,ac problem,6/2/1971,2014
2335,,toilet leak,10/18/2007,1648
1662,,pipe-clogged,9/1/2016,1478
2602,,ac problem,5/6/2011,2194
1044,,door fixtures,8/14/2010,2174
2120,,property visit,6/2/2010,1270
573,,toilet leak,9/1/2016,1532
1129,,property options,9/1/2009,846
2278,,property visit,5/25/1997,714
2082,,pipe-clogged,9/1/2016,1162
1745,,property options,3/6/2012,238
2436,,appliances not working ,6/2/2010,2929
1949,,ac problem,9/1/2009,2849
369,,appliances not working ,3/24/2014,914
557,,appliances not working ,9/1/2016,114
2900,,property options,10/18/2019,2542
897,,pipe-clogged,3/24/2014,406
2896,,property visit,6/2/1971,1310
568,,door fixtures,3/24/1993,2737
484,,property options,5/6/1991,926
1758,,toilet leak,8/14/2010,1791
666,,paint job inquiry,6/2/2010,1681
2640,,broken bulbs,9/1/2016,2183
2904,,pipe-clogged,5/6/1991,2259
769,,property options,9/1/2009,1224
1671,,property visit,6/2/2010,1192
749,,property visit,9/1/2016,2603
51,,broken bulbs,10/18/2007,435
2216,,appliances not working ,5/25/2013,2848
604,,pipe-clogged,5/6/1991,1981
345,,property options,6/2/2010,903
152,,toilet leak,3/6/1997,1557
135,,ac problem,3/6/1997,1679
2265,,door fixtures,6/2/1971,4
171,,paint job inquiry,3/6/2012,2413
594,,overall repairs,5/25/1997,472
191,,door fixtures,5/25/2013,2160
1002,,ac problem,6/2/1971,257
768,,overall repairs,3/24/1993,1059
1022,,broken bulbs,3/6/1997,1161
1607,,broken bulbs,6/2/1971,2817
2015,,ac problem,3/24/1993,650
2186,,appliances not working ,5/6/1991,353
2157,,overall repairs,10/18/2019,1461
1911,,property visit,6/2/2010,1026
731,,paint job inquiry,5/25/1997,2022
2290,,broken bulbs,5/6/2011,1396
1762,,pipe-clogged,9/1/2016,2699
3,,pipe-clogged,3/6/2012,2567
2943,,pipe-clogged,3/24/1993,2500
443,,pipe-clogged,10/18/2019,2295
2382,,paint job inquiry,5/6/2011,2421
1970,,toilet leak,3/24/2014,2931
950,,appliances not working ,9/1/2009,1220
2804,,paint job inquiry,3/6/2012,2118
1075,,pipe-clogged,9/1/2016,2329
1512,,pipe-clogged,3/6/1997,1293
2570,,broken bulbs,3/6/1997,550
2445,,property options,6/2/2010,1022
2758,,property visit,9/1/2009,87
134,,broken bulbs,3/6/1997,1384
1873,,appliances not working ,9/1/2016,900
626,,pipe-clogged,10/18/2007,2491
1813,,pipe-clogged,8/14/2002,77
581,,pipe-clogged,10/18/2007,56
1204,,appliances not working ,9/1/2016,53
744,,appliances not working ,10/18/2019,1082
86,,toilet leak,10/18/2007,2434
2789,,door fixtures,5/6/1991,591
587,,pipe-clogged,10/18/2007,2315
1752,,door fixtures,8/14/2002,2423
2535,,property visit,3/24/1993,156
2652,,overall repairs,3/24/2014,2151
559,,door fixtures,9/1/2016,216
321,,paint job inquiry,3/6/2012,2888
2442,,door fixtures,3/24/2014,2942
2389,,property options,6/2/2010,172
2038,,property visit,6/2/2010,2559
1215,,paint job inquiry,5/6/1991,2893
1881,,toilet leak,8/14/2002,2330
695,,appliances not working ,6/2/1971,1415
190,,door fixtures,9/1/2016,1600
2803,,paint job inquiry,6/2/2010,1120
268,,broken bulbs,3/6/1997,91
1156,,pipe-clogged,3/6/2012,426
2466,,overall repairs,8/14/2002,2992
2796,,pipe-clogged,3/24/1993,2007
1330,,ac problem,6/2/2010,2175
2500,,property visit,10/18/2019,2531
585,,ac problem,6/2/1971,2460
1356,,overall repairs,5/25/1997,548
1234,,pipe-clogged,3/6/2012,1042
2245,,broken bulbs,9/1/2016,2051
1046,,property visit,3/6/2012,1999
1135,,overall repairs,6/2/1971,2909
1581,,property options,10/18/2007,2669
682,,toilet leak,3/24/1993,2272
1804,,toilet leak,10/18/2019,2054
2701,,pipe-clogged,8/14/2010,2906
1923,,door fixtures,3/24/1993,1621
1154,,pipe-clogged,10/18/2019,428
2532,,pipe-clogged,5/25/1997,1549
2508,,broken bulbs,8/14/2010,2510
937,,property visit,5/6/1991,1925
1102,,property options,6/2/1971,1686
201,,overall repairs,5/6/1991,675
294,,pipe-clogged,5/25/1997,1698
2983,,paint job inquiry,8/14/2010,2757
529,,property options,5/6/2011,1278
1061,,paint job inquiry,5/25/1997,1947
1516,,toilet leak,3/24/1993,2977
2928,,door fixtures,5/6/2011,894
366,,toilet leak,6/2/2010,2657
2293,,pipe-clogged,10/18/2019,1871
1256,,appliances not working ,10/18/2019,1061
1782,,ac problem,3/6/1997,2854
473,,ac problem,9/1/2009,1576
235,,door fixtures,5/6/2011,1460
1805,,appliances not working ,3/6/2012,2238
1936,,toilet leak,3/6/1997,1286
1775,,appliances not working ,5/25/2013,2988
263,,toilet leak,3/24/1993,1384
2136,,overall repairs,3/24/1993,1857
2664,,paint job inquiry,9/1/2016,1856
1567,,overall repairs,9/1/2009,2107
2745,,door fixtures,3/6/1997,1506
1954,,overall repairs,5/25/1997,2806
1012,,overall repairs,3/6/2012,1021
2037,,broken bulbs,3/6/2012,2104
1610,,broken bulbs,10/18/2019,2371
1223,,toilet leak,6/2/2010,1835
1746,,property options,3/6/2012,2434
2872,,property visit,8/14/2010,1232
2037,,pipe-clogged,10/18/2019,388
591,,property visit,5/6/1991,753
2117,,property visit,10/18/2019,1016
1140,,property visit,8/14/2002,2894
390,,toilet leak,3/24/2014,2224
355,,paint job inquiry,8/14/2002,1229
2378,,pipe-clogged,8/14/2010,1742
2214,,appliances not working ,9/1/2016,2210
2655,,property visit,3/24/1993,715
1264,,appliances not working ,3/24/2014,1470
2978,,appliances not working ,8/14/2010,678
997,,property visit,8/14/2002,921
2948,,paint job inquiry,6/2/1971,2344
1263,,ac problem,9/1/2009,1850
860,,broken bulbs,3/6/1997,1870
894,,toilet leak,9/1/2009,361
2721,,ac problem,5/25/2013,1563
911,,property visit,8/14/2002,861
955,,door fixtures,6/2/2010,2678
384,,appliances not working ,5/25/2013,2549
2965,,toilet leak,10/18/2007,821
1237,,ac problem,9/1/2009,2959
1788,,property visit,3/24/1993,388
942,,ac problem,3/6/1997,1790
2496,,pipe-clogged,6/2/2010,392
2420,,toilet leak,6/2/2010,2044
2217,,ac problem,9/1/2009,2760
2928,,ac problem,3/24/2014,1793
2862,,pipe-clogged,3/24/2014,2731
1948,,property visit,6/2/1971,1707
295,,pipe-clogged,6/2/1971,1346
1204,,overall repairs,5/25/2013,2938
2579,,appliances not working ,10/18/2019,235
2170,,overall repairs,10/18/2007,2792
1813,,ac problem,6/2/2010,854
1536,,pipe-clogged,8/14/2002,2595
856,,door fixtures,5/25/1997,360
1296,,overall repairs,8/14/2010,972
1908,,property options,5/6/2011,2899
1441,,paint job inquiry,3/6/1997,2011
1362,,pipe-clogged,6/2/2010,2237
531,,toilet leak,3/24/1993,2003
1019,,appliances not working ,3/6/2012,60
2689,,overall repairs,10/18/2019,1493
2250,,property options,8/14/2002,330
1372,,property options,3/6/1997,2801
2014,,property visit,9/1/2016,1020
596,,property options,8/14/2010,1610
1199,,pipe-clogged,3/24/1993,1043
2957,,appliances not working ,5/6/1991,1406
419,,property visit,5/25/1997,1049
1476,,property options,5/25/2013,1074
872,,ac problem,3/24/2014,1045
324,,property options,3/6/1997,642
92,,property options,5/25/2013,2996
487,,pipe-clogged,3/24/1993,631
166,,toilet leak,6/2/1971,1499
2196,,overall repairs,8/14/2002,902
2957,,broken bulbs,6/2/2010,2668
1790,,door fixtures,3/24/2014,2210
1129,,ac problem,8/14/2002,23
2303,,overall repairs,5/25/2013,1546
645,,paint job inquiry,10/18/2019,1106
67,,property options,8/14/2002,1797
1464,,paint job inquiry,6/2/2010,650
2850,,paint job inquiry,5/25/2013,132
1260,,paint job inquiry,5/25/1997,2048
2448,,door fixtures,3/6/2012,468
814,,ac problem,5/25/2013,895
1423,,paint job inquiry,5/25/2013,2495
317,,ac problem,3/6/1997,2162
2532,,overall repairs,5/6/2011,801
417,,overall repairs,8/14/2002,2325
1339,,pipe-clogged,8/14/2002,555
735,,overall repairs,5/6/1991,1952
2478,,appliances not working ,8/14/2002,816
353,,property visit,10/18/2019,52
2992,,property options,8/14/2002,14
2725,,door fixtures,3/24/2014,1042
2892,,toilet leak,9/1/2009,85
2854,,ac problem,10/18/2019,1293
2436,,paint job inquiry,5/25/1997,1816
2401,,appliances not working ,9/1/2016,2798
2551,,overall repairs,5/6/2011,22
2036,,property visit,5/6/2011,2116
454,,property visit,3/6/1997,1516
2675,,pipe-clogged,6/2/2010,181
122,,paint job inquiry,8/14/2002,2637
2640,,overall repairs,10/18/2019,2287
1444,,broken bulbs,6/2/1971,603
1375,,ac problem,5/25/2013,2575
585,,property visit,9/1/2009,1325
662,,overall repairs,9/1/2009,1740
2866,,property visit,3/24/2014,2720
1367,,toilet leak,10/18/2019,1118
728,,ac problem,5/25/1997,1555
2341,,broken bulbs,8/14/2002,2440
1078,,appliances not working ,8/14/2010,200
1050,,pipe-clogged,8/14/2010,2013
2039,,property options,3/6/2012,1576
1533,,paint job inquiry,10/18/2007,538
2089,,broken bulbs,3/24/2014,466
920,,toilet leak,3/24/2014,1403
1412,,toilet leak,3/6/2012,441
2604,,appliances not working ,6/2/1971,1669
1057,,pipe-clogged,10/18/2019,2770
151,,overall repairs,5/6/2011,575
2357,,pipe-clogged,8/14/2010,1390
2829,,appliances not working ,9/1/2016,1646
1012,,appliances not working ,3/24/2014,2028
2875,,appliances not working ,9/1/2016,1747
2539,,broken bulbs,5/6/1991,2822
569,,paint job inquiry,3/6/1997,317
2740,,property options,6/2/2010,1300
2620,,property visit,8/14/2010,1059
2009,,door fixtures,5/6/2011,2725
2391,,pipe-clogged,3/6/1997,1091
2776,,ac problem,6/2/2010,439
1,,overall repairs,5/6/2011,2085
914,,toilet leak,6/2/1971,2766
1559,,ac problem,10/18/2019,458
162,,overall repairs,3/6/1997,478
778,,door fixtures,10/18/2007,325
946,,overall repairs,10/18/2007,1845
612,,appliances not working ,6/2/1971,1777
403,,pipe-clogged,9/1/2009,2704
2533,,overall repairs,10/18/2019,1633
977,,property visit,6/2/1971,1621
2481,,overall repairs,8/14/2010,699
1346,,pipe-clogged,5/25/1997,2996
2940,,toilet leak,5/25/1997,546
1958,,broken bulbs,10/18/2019,200
1769,,broken bulbs,3/24/1993,2414
1565,,property visit,6/2/1971,258
2913,,property options,5/6/2011,1937
1470,,toilet leak,10/18/2019,1448
2589,,pipe-clogged,6/2/2010,938
2461,,property options,3/6/1997,2570
700,,ac problem,3/24/2014,1267
1173,,paint job inquiry,5/25/2013,1937
2541,,ac problem,3/24/2014,1039
450,,overall repairs,9/1/2016,2972
2610,,overall repairs,9/1/2009,2951
2225,,door fixtures,5/25/2013,2701
2587,,appliances not working ,8/14/2002,2003
1047,,property visit,3/6/2012,959
659,,pipe-clogged,8/14/2002,1626
801,,property visit,3/24/1993,524
1859,,property options,6/2/2010,1430
2439,,ac problem,5/6/1991,1690
645,,pipe-clogged,5/6/2011,1437
273,,toilet leak,9/1/2016,2491
1613,,door fixtures,8/14/2002,2611
637,,toilet leak,9/1/2016,1799
2736,,door fixtures,5/25/1997,2328
2394,,toilet leak,3/6/2012,1001
2152,,ac problem,3/24/1993,1569
65,,paint job inquiry,9/1/2016,1268
2275,,broken bulbs,5/6/2011,2748
1995,,pipe-clogged,5/25/1997,1698
1998,,paint job inquiry,3/24/2014,1044
976,,pipe-clogged,5/6/1991,539
2854,,door fixtures,5/6/2011,1765
2095,,property options,5/25/1997,2585
1714,,pipe-clogged,10/18/2007,2210
587,,door fixtures,5/6/2011,1187
985,,toilet leak,5/6/2011,1961
608,,paint job inquiry,5/25/2013,1331
1278,,door fixtures,3/24/2014,2365
2522,,paint job inquiry,5/6/1991,987
197,,broken bulbs,3/6/1997,2927
1532,,paint job inquiry,5/6/1991,59
115,,toilet leak,3/24/2014,1678
1585,,property visit,6/2/2010,1099
602,,toilet leak,5/6/2011,916
755,,toilet leak,9/1/2009,433
705,,paint job inquiry,10/18/2007,2710
1875,,pipe-clogged,3/6/1997,272
1873,,pipe-clogged,9/1/2016,2492
2444,,property visit,6/2/2010,1300
2057,,overall repairs,5/6/2011,1710
855,,toilet leak,10/18/2019,1400
1235,,ac problem,3/6/2012,2843
584,,appliances not working ,8/14/2010,1199
1231,,door fixtures,5/6/2011,1549
1279,,broken bulbs,5/6/1991,2495
1251,,broken bulbs,8/14/2010,989
2867,,appliances not working ,6/2/1971,143
1743,,appliances not working ,8/14/2010,925
709,,property options,5/6/2011,2163
295,,appliances not working ,5/6/1991,2215
958,,appliances not working ,9/1/2009,1308
1489,,overall repairs,9/1/2016,803
169,,appliances not working ,5/25/2013,2547
2840,,door fixtures,3/6/2012,2971
2844,,appliances not working ,9/1/2009,536
492,,ac problem,5/25/2013,1910
1756,,ac problem,8/14/2010,1514
1010,,paint job inquiry,5/6/1991,1127
2747,,ac problem,3/6/1997,2515
920,,paint job inquiry,3/24/2014,2497
2925,,overall repairs,5/25/2013,2907
2210,,overall repairs,3/6/1997,1530
506,,broken bulbs,10/18/2019,1060
754,,ac problem,9/1/2016,2784
492,,property options,10/18/2019,577
2523,,broken bulbs,8/14/2002,2987
2507,,door fixtures,3/24/1993,2506
1477,,paint job inquiry,6/2/2010,2759
1822,,toilet leak,3/6/1997,2257
2521,,pipe-clogged,6/2/1971,2327
2300,,paint job inquiry,3/24/2014,2848
2754,,property options,3/6/1997,2025
1954,,paint job inquiry,6/2/1971,1120
972,,appliances not working ,6/2/1971,1103
398,,door fixtures,3/6/1997,2846
1380,,property visit,6/2/2010,2688
1184,,door fixtures,6/2/2010,537
1338,,ac problem,10/18/2019,979
1271,,pipe-clogged,5/25/1997,2285
15,,door fixtures,8/14/2002,1824
1779,,broken bulbs,10/18/2007,1137
987,,overall repairs,10/18/2019,1206
472,,paint job inquiry,3/6/1997,2735
2378,,paint job inquiry,10/18/2007,1840
243,,door fixtures,3/6/1997,2375
1601,,toilet leak,6/2/1971,721
288,,paint job inquiry,6/2/2010,1920
1784,,appliances not working ,3/6/2012,2451
2797,,ac problem,6/2/1971,2376
1821,,door fixtures,8/14/2010,1987
1374,,appliances not working ,5/25/2013,536
2595,,toilet leak,9/1/2016,2056
588,,pipe-clogged,9/1/2016,139
2203,,broken bulbs,5/25/1997,220
2846,,pipe-clogged,6/2/2010,554
2966,,toilet leak,6/2/2010,1538
229,,paint job inquiry,5/25/1997,2141
1017,,broken bulbs,3/24/1993,2159
2729,,appliances not working ,9/1/2016,2567
1655,,door fixtures,8/14/2002,1902
1083,,paint job inquiry,3/6/2012,609
185,,appliances not working ,9/1/2009,1070
1305,,appliances not working ,9/1/2009,161
2128,,door fixtures,9/1/2016,187
626,,door fixtures,8/14/2010,270
2905,,overall repairs,6/2/1971,2807
817,,broken bulbs,9/1/2009,2199
1446,,toilet leak,8/14/2010,1290
977,,door fixtures,10/18/2019,1927
819,,paint job inquiry,9/1/2009,1937
2277,,pipe-clogged,5/25/2013,2737
2966,,ac problem,5/6/1991,2768
958,,paint job inquiry,9/1/2016,368
2459,,pipe-clogged,10/18/2019,1788
981,,pipe-clogged,3/24/2014,2040
89,,pipe-clogged,5/25/1997,1179
2191,,property visit,3/6/1997,2227
601,,broken bulbs,8/14/2002,205
1452,,ac problem,6/2/2010,1867
2565,,property visit,9/1/2009,1111
200,,toilet leak,6/2/2010,2982
842,,ac problem,3/24/1993,1103
1115,,door fixtures,9/1/2009,2892
2543,,door fixtures,3/24/2014,2962
2448,,door fixtures,8/14/2010,82
2537,,appliances not working ,3/24/2014,1170
2022,,broken bulbs,3/24/1993,2467
2445,,broken bulbs,3/6/1997,2517
2260,,broken bulbs,9/1/2016,1212
1583,,toilet leak,3/24/2014,188
1698,,property visit,5/25/1997,1410
1886,,appliances not working ,8/14/2002,2832
1366,,broken bulbs,8/14/2010,725
2278,,toilet leak,3/6/2012,1685
2057,,property visit,3/24/2014,352
651,,pipe-clogged,3/24/1993,15
2384,,toilet leak,10/18/2019,521
2408,,ac problem,8/14/2010,1780
704,,broken bulbs,10/18/2007,2142
1317,,pipe-clogged,3/24/1993,1258
451,,toilet leak,9/1/2016,1702
1023,,ac problem,10/18/2007,1887
1222,,broken bulbs,5/25/2013,2273
1489,,ac problem,8/14/2010,502
819,,property options,5/25/1997,2593
777,,property options,3/24/2014,733
91,,overall repairs,3/6/1997,687
2556,,paint job inquiry,6/2/2010,1321
1644,,paint job inquiry,9/1/2009,629
485,,appliances not working ,3/24/1993,2046
2199,,toilet leak,8/14/2010,2211
825,,door fixtures,5/25/2013,1160
126,,door fixtures,3/24/2014,373
2365,,ac problem,3/6/1997,2447
1232,,door fixtures,5/6/2011,1434
2772,,toilet leak,3/6/2012,2442
345,,ac problem,10/18/2007,1460
1018,,pipe-clogged,10/18/2007,1353
1584,,door fixtures,3/24/2014,642
1448,,ac problem,10/18/2007,1159
1674,,broken bulbs,9/1/2016,871
490,,appliances not working ,3/24/2014,1565
1460,,toilet leak,8/14/2010,2956
66,,appliances not working ,8/14/2002,2496
574,,toilet leak,9/1/2016,1450
2357,,overall repairs,5/25/1997,2868
2255,,paint job inquiry,6/2/1971,2838
2411,,door fixtures,3/6/1997,219
2102,,paint job inquiry,9/1/2009,2763
2709,,appliances not working ,3/24/2014,1905
1184,,property visit,5/6/2011,2664
2894,,property options,8/14/2002,1041
1642,,appliances not working ,5/25/2013,2717
2346,,paint job inquiry,3/24/2014,494
2135,,overall repairs,3/6/1997,894
230,,overall repairs,3/6/2012,2319
313,,overall repairs,8/14/2010,248
1059,,paint job inquiry,3/6/2012,2855
654,,toilet leak,10/18/2019,1482
756,,ac problem,5/25/2013,2595
585,,property options,5/6/2011,1475
1361,,ac problem,6/2/2010,2738
2765,,toilet leak,8/14/2010,2943
1358,,property visit,3/24/1993,1282
2859,,overall repairs,5/6/1991,691
89,,ac problem,8/14/2002,1534
1630,,property options,3/6/1997,2257
2145,,appliances not working ,8/14/2010,2889
2206,,paint job inquiry,3/6/2012,2052
645,,broken bulbs,6/2/2010,575
799,,property visit,3/6/1997,1542
1265,,paint job inquiry,3/6/2012,772
3,,property options,5/6/2011,2121
2180,,door fixtures,3/6/2012,2438
1160,,door fixtures,8/14/2010,1255
109,,door fixtures,5/6/1991,1673
645,,ac problem,3/24/2014,1148
2648,,broken bulbs,3/6/2012,2772
2016,,broken bulbs,3/6/2012,759
695,,paint job inquiry,9/1/2016,1184
419,,overall repairs,5/25/1997,1482
71,,toilet leak,8/14/2010,1871
1470,,door fixtures,3/6/2012,1981
1057,,appliances not working ,5/6/1991,1784
2351,,ac problem,5/6/2011,2518
2565,,door fixtures,10/18/2007,2618
504,,pipe-clogged,10/18/2007,2474
240,,property visit,8/14/2010,762
1958,,door fixtures,10/18/2019,1844
1364,,ac problem,3/6/2012,804
2301,,ac problem,9/1/2016,2377
624,,property options,6/2/2010,305
1342,,appliances not working ,3/6/2012,1822
771,,ac problem,5/25/2013,2716
1081,,ac problem,8/14/2002,158
2412,,pipe-clogged,3/6/1997,2187
1473,,toilet leak,9/1/2009,272
119,,overall repairs,3/6/1997,1423
534,,toilet leak,3/24/1993,943
2677,,overall repairs,3/24/1993,1547
232,,paint job inquiry,8/14/2002,165
1647,,ac problem,8/14/2010,2973
881,,door fixtures,10/18/2007,1891
2803,,property options,10/18/2007,2752
628,,property visit,3/6/2012,2713
168,,paint job inquiry,5/25/1997,2695
1099,,ac problem,3/6/1997,2469
2058,,appliances not working ,5/6/1991,2247
2485,,ac problem,5/25/1997,419
2552,,broken bulbs,3/24/1993,2150
2889,,appliances not working ,9/1/2016,842
2324,,paint job inquiry,3/6/2012,594
2914,,paint job inquiry,5/25/2013,662
2145,,ac problem,3/6/1997,2970
761,,broken bulbs,5/6/2011,2770
2945,,paint job inquiry,10/18/2019,291
2673,,paint job inquiry,5/6/2011,675
2500,,toilet leak,5/25/1997,1721
2170,,property options,9/1/2016,857
300,,broken bulbs,3/6/1997,1717
893,,property visit,5/6/1991,2821
1019,,property options,5/25/2013,2609
1486,,door fixtures,10/18/2007,1583
1858,,door fixtures,3/6/1997,706
2920,,property visit,6/2/2010,915
1618,,property options,3/24/1993,2208
457,,toilet leak,6/2/2010,92
564,,overall repairs,8/14/2010,673
400,,property options,3/6/2012,259
1516,,property visit,8/14/2002,152
1030,,property visit,6/2/1971,2142
2721,,broken bulbs,5/25/2013,593
356,,pipe-clogged,6/2/2010,379
2706,,toilet leak,8/14/2010,880
1215,,ac problem,5/25/2013,934
1566,,pipe-clogged,5/25/2013,1275
144,,ac problem,3/6/1997,1829
628,,broken bulbs,3/24/1993,832
1135,,ac problem,5/6/2011,2866
1664,,property options,3/24/1993,2958
518,,door fixtures,5/25/1997,284
2245,,toilet leak,3/24/2014,2045
1241,,overall repairs,8/14/2010,2204
783,,overall repairs,3/24/1993,1516
2780,,paint job inquiry,5/25/2013,2944
347,,property options,5/25/1997,368
2700,,appliances not working ,3/6/2012,352
1319,,appliances not working ,5/6/1991,1977
2409,,overall repairs,3/24/1993,997
1658,,overall repairs,10/18/2019,973
2985,,property options,3/24/2014,2645
1073,,appliances not working ,8/14/2002,2579
2070,,appliances not working ,10/18/2019,628
483,,toilet leak,5/25/2013,683
2251,,broken bulbs,3/6/2012,476
2015,,door fixtures,9/1/2009,943
2692,,toilet leak,5/25/1997,520
706,,broken bulbs,8/14/2010,1736
957,,pipe-clogged,8/14/2010,2265
26,,pipe-clogged,5/25/1997,1220
1584,,ac problem,10/18/2019,109
2507,,pipe-clogged,5/6/1991,651
390,,property visit,3/6/2012,2708
1686,,pipe-clogged,5/6/2011,1401
632,,door fixtures,5/25/1997,1276
2720,,paint job inquiry,3/24/2014,1689
922,,door fixtures,5/25/1997,2449
2635,,broken bulbs,5/25/1997,1603
2617,,pipe-clogged,6/2/1971,2394
2925,,property visit,3/6/2012,2662
1660,,appliances not working ,5/6/1991,239
541,,property visit,10/18/2019,2393
1276,,property options,6/2/1971,301
513,,broken bulbs,5/6/1991,2986
1735,,appliances not working ,5/25/1997,843
1327,,overall repairs,10/18/2019,1690
441,,property options,5/25/1997,1924
571,,broken bulbs,5/6/2011,2933
2853,,ac problem,3/6/2012,354
385,,property visit,6/2/2010,1556
1680,,ac problem,6/2/2010,2574
101,,door fixtures,6/2/1971,2925
1013,,appliances not working ,5/6/2011,1131
1323,,pipe-clogged,10/18/2007,980
1736,,ac problem,9/1/2009,775
1729,,door fixtures,5/25/2013,780
2616,,door fixtures,8/14/2010,1141
1245,,broken bulbs,3/6/2012,2749
2555,,appliances not working ,5/6/1991,2052
2443,,property options,8/14/2002,2347
1116,,property options,5/6/1991,1896
667,,toilet leak,5/6/1991,2772
708,,ac problem,9/1/2016,2610
2687,,pipe-clogged,9/1/2016,1229
540,,pipe-clogged,5/6/1991,2171
233,,broken bulbs,10/18/2019,583
1947,,broken bulbs,6/2/2010,980
2887,,ac problem,3/24/1993,2370
978,,property options,3/6/2012,2410
1752,,ac problem,3/6/1997,1176
1686,,overall repairs,3/6/2012,1440
297,,property options,6/2/1971,846
1218,,appliances not working ,10/18/2019,2996
2614,,door fixtures,5/25/2013,213
1879,,toilet leak,5/6/2011,681
2592,,toilet leak,8/14/2010,1720
711,,appliances not working ,5/6/1991,2742
1785,,paint job inquiry,10/18/2019,1124
2240,,door fixtures,10/18/2019,1401
2672,,appliances not working ,9/1/2009,1837
1348,,broken bulbs,8/14/2010,151
909,,door fixtures,3/6/2012,1358
1069,,door fixtures,6/2/2010,1107
1689,,paint job inquiry,5/25/2013,2466
1703,,ac problem,8/14/2010,1687
1283,,pipe-clogged,10/18/2007,103
2392,,broken bulbs,3/24/2014,890
1781,,pipe-clogged,10/18/2007,2172
933,,property visit,6/2/1971,774
1660,,appliances not working ,9/1/2016,1318
99,,appliances not working ,8/14/2002,2440
2817,,property options,10/18/2019,1778
782,,property visit,6/2/2010,144
2591,,ac problem,10/18/2019,729
906,,toilet leak,10/18/2007,737
515,,pipe-clogged,9/1/2009,2238
1530,,property visit,6/2/1971,2149
1768,,property visit,5/6/2011,137
287,,appliances not working ,3/24/2014,1224
2732,,property visit,3/6/2012,2199
336,,paint job inquiry,5/25/1997,662
560,,property options,3/24/1993,2947
710,,property visit,9/1/2009,9
733,,pipe-clogged,8/14/2002,1475
318,,paint job inquiry,10/18/2007,827
28,,appliances not working ,5/25/1997,2794
2058,,paint job inquiry,10/18/2007,1450
351,,overall repairs,3/24/2014,574
2832,,property visit,3/6/1997,1679
1952,,ac problem,8/14/2002,15
1396,,door fixtures,3/24/2014,2117
449,,overall repairs,6/2/1971,130
1893,,door fixtures,8/14/2002,2599
673,,broken bulbs,10/18/2019,2576
1580,,appliances not working ,5/6/1991,2128
432,,property visit,3/6/2012,274
582,,property options,8/14/2010,1185
2982,,broken bulbs,6/2/2010,2915
2014,,overall repairs,10/18/2007,1377
2939,,toilet leak,8/14/2010,2047
1908,,overall repairs,10/18/2007,1114
1042,,property options,5/6/1991,2327
2273,,toilet leak,3/24/1993,2207
1475,,broken bulbs,8/14/2002,832
2135,,overall repairs,5/25/2013,2967
1413,,property options,5/25/2013,461
2461,,pipe-clogged,10/18/2019,2453
2947,,property options,5/6/2011,280
2011,,paint job inquiry,5/6/1991,1587
2106,,door fixtures,5/25/1997,671
1996,,appliances not working ,5/25/1997,1654
584,,overall repairs,5/25/2013,1685
1381,,door fixtures,5/25/2013,1145
2210,,ac problem,10/18/2007,2699
2198,,pipe-clogged,3/6/2012,2267
509,,property visit,6/2/2010,1474
2941,,property visit,5/25/1997,1851
600,,property visit,8/14/2002,2622
2162,,broken bulbs,6/2/2010,1548
2107,,broken bulbs,8/14/2010,2674
2051,,appliances not working ,8/14/2002,1685
724,,pipe-clogged,9/1/2016,1121
2075,,ac problem,5/25/2013,1607
1651,,broken bulbs,5/25/2013,847
1235,,ac problem,6/2/1971,1317
2384,,property options,3/24/1993,1021
1492,,property visit,5/25/2013,290
752,,property visit,3/24/2014,1928
1925,,appliances not working ,5/6/1991,2763
1099,,property visit,5/6/2011,2817
644,,pipe-clogged,3/6/1997,916
1940,,paint job inquiry,3/6/1997,2188
26,,ac problem,5/25/1997,308
2004,,door fixtures,10/18/2007,369
2009,,appliances not working ,10/18/2019,110
163,,appliances not working ,9/1/2016,320
2904,,overall repairs,5/6/1991,2234
604,,property options,5/25/1997,472
526,,door fixtures,3/6/1997,44
293,,appliances not working ,10/18/2007,2461
1979,,property options,5/6/1991,1914
458,,appliances not working ,8/14/2010,2747
2551,,overall repairs,10/18/2019,2017
487,,property options,6/2/1971,899
302,,pipe-clogged,5/25/1997,1550
255,,toilet leak,10/18/2007,1334
76,,appliances not working ,5/25/1997,1036
473,,paint job inquiry,3/6/2012,622
1828,,ac problem,10/18/2019,2940
2360,,broken bulbs,9/1/2016,2615
2941,,pipe-clogged,3/24/2014,2943
971,,overall repairs,3/6/2012,483
270,,property visit,3/6/1997,2206
1028,,broken bulbs,8/14/2010,2976
2042,,ac problem,5/6/1991,2389
2303,,ac problem,9/1/2009,377
2151,,ac problem,6/2/2010,398
2096,,paint job inquiry,3/6/1997,2585
1334,,paint job inquiry,9/1/2009,2008
1300,,toilet leak,3/6/1997,2938
936,,overall repairs,10/18/2007,2173
1204,,property options,3/6/2012,348
349,,ac problem,5/6/1991,2550
2135,,property options,9/1/2009,2860
2486,,overall repairs,3/24/2014,2072
798,,property options,5/25/1997,2693
667,,property options,6/2/2010,358
619,,property visit,5/25/2013,307
2730,,property visit,5/6/1991,2913
470,,toilet leak,8/14/2002,2343
1423,,pipe-clogged,10/18/2019,1292
1364,,ac problem,9/1/2016,833
798,,broken bulbs,3/6/2012,1009
1154,,ac problem,6/2/1971,832
236,,ac problem,5/6/1991,521
682,,ac problem,10/18/2007,27
1471,,pipe-clogged,9/1/2016,985
1217,,door fixtures,8/14/2010,225
1374,,paint job inquiry,10/18/2019,1245
386,,overall repairs,5/6/2011,1763
1749,,ac problem,5/6/2011,1497
1268,,overall repairs,8/14/2010,1441
1704,,toilet leak,9/1/2009,668
572,,broken bulbs,10/18/2019,701
2663,,paint job inquiry,9/1/2009,383
2287,,ac problem,8/14/2010,2039
21,,pipe-clogged,8/14/2002,2109
637,,property visit,3/6/1997,2155
1444,,toilet leak,5/25/1997,1627
380,,appliances not working ,3/24/1993,2370
1890,,broken bulbs,10/18/2019,2492
700,,door fixtures,6/2/1971,1071
1505,,toilet leak,6/2/1971,2821
2078,,paint job inquiry,3/24/1993,2240
1788,,paint job inquiry,3/24/2014,1826
1437,,overall repairs,3/6/2012,264
125,,door fixtures,6/2/2010,1615
1476,,pipe-clogged,5/25/1997,1105
31,,property visit,6/2/1971,1908
377,,ac problem,3/6/1997,1938
1572,,toilet leak,3/6/2012,1746
1497,,appliances not working ,3/6/1997,2813
13,,appliances not working ,5/25/2013,1935
1877,,property options,3/24/1993,1036
1539,,toilet leak,10/18/2007,2397
655,,appliances not working ,3/24/1993,665
2792,,door fixtures,6/2/1971,566
1103,,ac problem,10/18/2007,131
1467,,pipe-clogged,3/24/2014,2130
2825,,toilet leak,6/2/1971,2732
1676,,door fixtures,3/6/2012,2075
1903,,overall repairs,8/14/2010,2027
2780,,pipe-clogged,6/2/1971,2123
2266,,pipe-clogged,8/14/2010,294
252,,ac problem,9/1/2016,2739
467,,ac problem,3/24/1993,318
1000,,broken bulbs,10/18/2007,346
2216,,paint job inquiry,5/25/1997,2085
1297,,property visit,3/6/2012,232
2567,,toilet leak,8/14/2010,112
842,,toilet leak,3/6/2012,833
303,,ac problem,3/24/2014,196
1847,,broken bulbs,3/6/1997,2096
2043,,appliances not working ,8/14/2002,2536
1104,,overall repairs,8/14/2002,2923
776,,property visit,3/24/1993,239
754,,door fixtures,6/2/1971,906
580,,ac problem,10/18/2007,490
248,,overall repairs,3/6/1997,736
2619,,toilet leak,3/24/1993,2455
379,,ac problem,10/18/2007,2445
2283,,property visit,3/6/1997,1606
56,,toilet leak,10/18/2019,1642
1344,,property visit,9/1/2016,2852
705,,property options,5/6/1991,1124
2365,,toilet leak,5/6/1991,1418
2841,,property visit,8/14/2002,2193
309,,broken bulbs,3/6/2012,2518
2830,,broken bulbs,5/25/2013,78
2574,,ac problem,8/14/2010,1549
2045,,broken bulbs,3/6/2012,2935
2900,,ac problem,6/2/2010,2861
918,,property options,5/25/2013,934
1164,,overall repairs,5/6/2011,802
2043,,overall repairs,10/18/2007,1100
852,,door fixtures,3/6/2012,1696
528,,ac problem,5/25/1997,1276
1216,,pipe-clogged,8/14/2002,1367
445,,door fixtures,9/1/2009,1564
2941,,door fixtures,5/6/2011,261
700,,door fixtures,3/24/2014,2862
2310,,property visit,9/1/2009,2201
2172,,overall repairs,10/18/2019,1986
147,,toilet leak,6/2/1971,15
128,,ac problem,5/6/2011,146
862,,toilet leak,6/2/1971,2381
2441,,pipe-clogged,9/1/2009,2695
2272,,appliances not working ,5/6/2011,1801
2745,,paint job inquiry,8/14/2002,2270
1192,,broken bulbs,3/24/1993,450
2179,,paint job inquiry,6/2/2010,1575
2796,,pipe-clogged,10/18/2007,1040
945,,toilet leak,3/24/1993,506
2549,,broken bulbs,6/2/1971,2877
2733,,property options,3/24/1993,2827
766,,ac problem,5/6/1991,939
1185,,broken bulbs,3/24/1993,1662
1618,,broken bulbs,5/25/2013,2009
688,,appliances not working ,3/6/1997,9
828,,toilet leak,5/25/2013,2244
1019,,broken bulbs,10/18/2007,1558
2951,,ac problem,10/18/2019,1440
2318,,pipe-clogged,6/2/2010,738
2917,,paint job inquiry,5/25/2013,1098
969,,property options,8/14/2010,2283
1559,,door fixtures,3/24/2014,668
791,,property options,5/6/1991,564
1402,,door fixtures,8/14/2010,1772
2773,,property visit,6/2/2010,2302
2996,,door fixtures,3/6/2012,384
2780,,toilet leak,5/25/2013,314
2514,,paint job inquiry,5/25/1997,1362
1885,,property options,3/24/2014,2890
2950,,toilet leak,5/6/1991,273
2218,,door fixtures,5/25/2013,1640
308,,door fixtures,9/1/2009,858
2565,,paint job inquiry,3/24/1993,1693
119,,appliances not working ,10/18/2019,434
564,,property options,3/6/1997,1073
1395,,broken bulbs,6/2/1971,1104
1725,,property visit,3/6/1997,609
1444,,broken bulbs,10/18/2007,334
2100,,overall repairs,6/2/1971,104
2029,,door fixtures,6/2/2010,1031
1901,,overall repairs,6/2/1971,1716
418,,ac problem,3/6/1997,2245
1632,,ac problem,5/25/2013,1957
1255,,property visit,10/18/2019,1685
583,,toilet leak,9/1/2009,457
621,,appliances not working ,9/1/2009,2234
659,,pipe-clogged,3/6/2012,1549
1076,,door fixtures,5/25/2013,2775
1824,,broken bulbs,9/1/2016,825
1345,,broken bulbs,3/24/1993,453
1002,,door fixtures,3/24/2014,281
2407,,door fixtures,8/14/2010,1320
528,,pipe-clogged,10/18/2007,216
2640,,property options,8/14/2002,776
1873,,appliances not working ,5/6/1991,693
842,,property options,9/1/2009,1436
932,,ac problem,8/14/2010,2452
1636,,appliances not working ,10/18/2019,966
862,,appliances not working ,10/18/2007,1401
509,,toilet leak,5/25/2013,146
479,,paint job inquiry,3/6/1997,54
1629,,door fixtures,5/6/2011,389
780,,toilet leak,6/2/2010,94
1754,,broken bulbs,10/18/2007,1792
1745,,door fixtures,6/2/1971,2710
362,,ac problem,9/1/2009,2092
618,,ac problem,5/25/2013,1707
134,,toilet leak,10/18/2007,950
373,,broken bulbs,6/2/1971,20
2000,,paint job inquiry,5/6/2011,840
286,,property visit,10/18/2007,151
2873,,door fixtures,3/24/2014,2950
1104,,property options,3/24/2014,1878
1757,,property visit,6/2/2010,16
1155,,property options,5/25/2013,2776
