propertyno,street,city,postcode,rooms,ownnerno,branchno,staffno,p_type_id
0,131 raatbaar St,new oreleans,20024,3,3,2,1077,5
1,allofme st,new oreleans,75316,11,3,1,2887,5
5,151 firest,Miami,56432,6,1,2,89,4
6,201 Anarkali,Westfield,36955,3,3,1,871,4
7,100 chugtai st,myrtel beach,16105,3,3,2,2356,3
12,151 firest,san fransico,60137,12,2,1,1789,3
18,301 villa mandi,Orlando,57311,3,2,1,1928,1
20,301 villa mandi,Charlotte,32350,6,2,1,2277,2
24,131 Lo maan liya,Indianapolis,45053,11,1,3,2909,5
