staffno,fname,lname,position,sex,dob,salary,branchno,staff_type_id
383,chamcham,khawajaa,maintenance,M,9/1/1999,950000,1,1
968,slanty,THota,real state agent,F,10/18/1997,605000,2,1
2521,tikka,ibleees,marketer,M,8/14/1947,460000,1,1
1484,Sanab,junejo,marketer,F,5/6/1991,860000,1,1
2475,chamiyaaa,lun,maintenance,F,8/14/1947,90000,3,4
1019,chamiyaaa,Kinara,real state agent,F,10/18/1997,265000,1,4
2426,Funter,mooror,accountant,F,5/6/1991,490000,1,3
1506,Park,mooror,real state agent,F,8/14/1947,900000,2,3
2909,Bharat,KRUSE,maintenance,M,8/14/1947,960000,3,2
44,Park,Essarni,security,F,3/24/1993,685000,2,2
2454,Mark,Bakra,security,F,6/2/1971,95000,3,5
2277,Park,KRUSE,real state agent,F,5/6/1991,350000,1,3
303,dingdong,Mukher,managment,F,3/24/1993,165000,1,3
89,dingdong,Chait,managment,F,8/14/1947,285000,1,5
56,Bharat,THota,maintenance,F,5/25/1997,770000,1,5
871,charsi,Essarni,security,F,9/1/1999,450000,2,1
490,slanty,KRUSE,managment,F,5/25/1997,270000,1,5
2531,Funter,Pernal,marketer,F,8/14/1947,825000,3,1
2362,Bravo,qureshi,marketer,M,8/14/1947,55000,2,1
2674,chamiyaaa,qureshi,real state agent,M,6/2/1971,815000,2,3
1615,ammar,ibleees,accountant,M,9/1/1999,775000,1,5
1803,Cickchak,THota,managment,M,8/14/1947,635000,3,2
335,chutiyaa,khawajaa,managment,F,8/14/1947,320000,2,4
953,chutiyaa,Kinara,maintenance,M,3/24/1993,60000,3,5
185,tikka,qureshi,maintenance,F,3/24/1993,100000,1,4
1008,chamiyaaa,mooror,marketer,M,9/1/1999,525000,1,5
1928,chamcham,mooror,real state agent,M,6/2/1971,870000,2,2
1237,Funter,Chauy,marketer,M,8/14/1947,195000,1,3
2374,Bharat,baloch,accountant,F,3/6/1997,915000,3,4
178,Cickchak,Bakra,maintenance,M,5/25/1997,515000,1,4
1770,umar,dahri,real state agent,F,10/18/1997,860000,1,4
1531,Cickchak,Mukher,maintenance,M,6/2/1971,890000,3,4
1402,ammar,THota,real state agent,F,6/2/1971,565000,1,4
1767,malai,qureshi,accountant,F,9/1/1999,70000,2,4
228,chamiyaaa,dahri,marketer,M,9/1/1999,965000,1,5
1742,malai,khawajaa,maintenance,F,8/14/1947,565000,3,4
2646,umar,mooror,maintenance,F,8/14/1947,945000,3,1
49,Bravo,THota,accountant,M,10/18/1997,85000,3,3
1966,chamiyaaa,qureshi,real state agent,F,3/6/1997,785000,1,4
1302,chamiyaaa,mooror,accountant,F,5/6/1991,90000,3,3
2264,chutiyaa,khawajaa,security,F,10/18/1997,495000,1,3
921,chamcham,baloch,marketer,M,10/18/1997,745000,2,1
2853,Funter,Pernal,maintenance,M,5/6/1991,105000,3,5
61,slanty,Essarni,accountant,F,6/2/1971,375000,1,2
182,malai,qureshi,maintenance,F,5/6/1991,735000,3,3
524,slanty,lun,maintenance,M,6/2/1971,650000,1,1
1970,Junoob,lun,marketer,M,3/6/1997,365000,2,5
684,Cickchak,Chauy,security,M,9/1/1999,135000,1,2
365,Cickchak,Essarni,accountant,F,9/1/1999,310000,1,1
2591,Bravo,baloch,marketer,M,3/24/1993,550000,1,1
500,Sanab,peerzada,managment,F,8/14/1947,240000,2,3
655,umar,lun,marketer,F,5/25/1997,850000,2,2
1442,tikka,dahri,maintenance,M,5/6/1991,200000,3,3
243,malai,lun,real state agent,M,6/2/1971,995000,3,4
2996,tikka,Kinara,maintenance,M,8/14/1947,695000,2,4
2311,Mark,Chait,managment,F,5/25/1997,925000,1,4
396,Bharat,peerzada,security,M,5/6/1991,55000,2,5
2887,chutiyaa,Chauy,security,M,5/25/1997,715000,2,2
482,Junoob,baloch,real state agent,F,6/2/1971,50000,2,5
363,ammar,Mukher,real state agent,F,5/25/1997,940000,1,2
1474,charsi,Essarni,managment,M,9/1/1999,470000,1,4
1050,Cickchak,Pernal,security,M,9/1/1999,220000,1,1
2356,Mark,baloch,accountant,F,10/18/1997,530000,1,4
2134,chamcham,Mukher,accountant,M,3/24/1993,735000,3,1
456,Bharat,dahri,maintenance,F,9/1/1999,460000,2,1
2379,chamcham,mooror,marketer,M,10/18/1997,400000,1,4
9,chutiyaa,KRUSE,marketer,F,6/2/1971,225000,3,5
573,slanty,khawajaa,maintenance,M,8/14/1947,360000,2,1
1383,Cickchak,lun,real state agent,M,5/6/1991,190000,1,3
751,Bharat,baloch,real state agent,M,9/1/1999,440000,1,5
485,dingdong,dahri,managment,M,10/18/1997,115000,1,5
1401,Bharat,Chauy,marketer,F,3/24/1993,415000,2,4
1627,Mark,Bakra,accountant,F,3/24/1993,240000,3,2
929,chutiyaa,Kinara,security,M,5/25/1997,485000,2,1
2434,umar,Chait,accountant,M,8/14/1947,120000,1,2
1772,slanty,Pernal,managment,M,9/1/1999,220000,1,1
1727,umar,mooror,marketer,F,10/18/1997,255000,3,1
429,chamiyaaa,dahri,security,M,8/14/1947,450000,1,4
327,slanty,peerzada,maintenance,F,10/18/1997,585000,1,2
1789,Funter,junejo,real state agent,F,3/24/1993,930000,3,1
1077,dingdong,dahri,security,F,6/2/1971,405000,3,1
641,slanty,lun,maintenance,F,3/24/1993,220000,2,1
748,Park,qureshi,managment,F,9/1/1999,965000,2,1
2575,Park,Essarni,accountant,M,5/6/1991,635000,1,2
2447,malai,peerzada,accountant,F,8/14/1947,910000,3,1
2761,Sanab,junejo,real state agent,F,3/6/1997,445000,1,3
2474,chutiyaa,peerzada,maintenance,F,3/6/1997,230000,1,5
2021,umar,Chait,maintenance,F,5/6/1991,405000,3,4
1343,Bharat,Chauy,managment,F,8/14/1947,570000,3,5
1205,Mark,lun,security,M,10/18/1997,680000,1,4
894,Park,Mukher,security,F,10/18/1997,550000,2,4
707,Bharat,dahri,marketer,F,6/2/1971,645000,1,1
165,slanty,lun,maintenance,M,6/2/1971,820000,3,1
139,Mark,baloch,maintenance,M,3/6/1997,845000,2,4
1893,Mark,Pernal,marketer,F,8/14/1947,265000,2,5
2804,chutiyaa,lun,security,F,9/1/1999,155000,3,1
2207,Junoob,Chait,security,M,10/18/1997,985000,1,5
2008,ammar,Pernal,marketer,M,5/6/1991,455000,3,5
793,dingdong,peerzada,marketer,M,8/14/1947,805000,2,3
1361,Bravo,junejo,accountant,M,3/6/1997,315000,2,4
1572,Funter,dahri,maintenance,M,8/14/1947,250000,2,5
2499,malai,Chauy,managment,M,3/24/1993,95000,3,4
1536,Sin,Chait,real state agent,F,3/24/1993,405000,3,5
543,chamcham,Mukher,real state agent,M,3/24/1993,825000,3,5
85,Bravo,lun,managment,M,10/18/1997,800000,3,4
2579,Junoob,Bakra,real state agent,F,3/6/1997,960000,2,3
1142,Sin,KRUSE,real state agent,M,8/14/1947,705000,2,5
1001,chamiyaaa,Chauy,real state agent,M,5/25/1997,110000,3,1
1091,Park,Bakra,accountant,F,5/25/1997,955000,2,1
302,umar,Mukher,real state agent,F,10/18/1997,295000,2,3
1789,chamiyaaa,THota,security,M,3/24/1993,210000,3,5
293,Funter,dahri,marketer,F,3/24/1993,865000,1,4
385,dingdong,baloch,real state agent,M,6/2/1971,465000,3,1
609,slanty,baloch,accountant,M,5/25/1997,690000,3,1
816,Park,THota,security,M,3/24/1993,300000,3,5
2105,Funter,ibleees,accountant,F,6/2/1971,630000,3,3
2541,slanty,Pernal,security,M,5/6/1991,440000,3,2
2563,charsi,Bakra,maintenance,F,10/18/1997,380000,2,3
110,Sin,Chauy,maintenance,F,8/14/1947,805000,1,5
2503,Sin,THota,marketer,F,9/1/1999,440000,2,4
378,chamiyaaa,KRUSE,real state agent,F,10/18/1997,705000,1,3
2101,umar,Chait,accountant,F,3/24/1993,505000,1,3
1057,charsi,ibleees,marketer,M,3/24/1993,535000,1,1
2457,Sin,junejo,marketer,M,6/2/1971,625000,3,4
1282,Bravo,dahri,accountant,M,5/25/1997,470000,2,3
1114,charsi,Pernal,accountant,F,5/6/1991,215000,2,5
2108,umar,Chait,marketer,F,5/25/1997,705000,1,2
2825,Bharat,qureshi,accountant,F,5/25/1997,420000,2,5
2110,Bravo,Pernal,accountant,M,8/14/1947,395000,3,5
2490,ammar,Chauy,managment,F,9/1/1999,930000,3,3
2230,Cickchak,ibleees,marketer,F,5/6/1991,315000,3,2
1874,ammar,Chait,marketer,F,8/14/1947,845000,2,1
1604,chamcham,mooror,managment,M,8/14/1947,250000,1,4
1197,Bharat,Chauy,accountant,F,3/24/1993,135000,3,4
863,Sin,Essarni,real state agent,F,5/6/1991,985000,3,1
38,Sanab,mooror,accountant,M,3/24/1993,950000,2,2
367,Mark,KRUSE,managment,F,3/6/1997,770000,3,5
1579,Sin,lun,maintenance,M,3/24/1993,430000,1,1
553,chamiyaaa,khawajaa,marketer,M,3/6/1997,175000,2,4
2277,Bharat,Chauy,maintenance,M,5/25/1997,725000,3,3
1826,Sanab,baloch,marketer,M,6/2/1971,860000,1,1
70,malai,khawajaa,marketer,F,9/1/1999,510000,3,1
344,chamiyaaa,baloch,maintenance,F,10/18/1997,965000,3,5
2815,Mark,Bakra,security,M,5/6/1991,275000,2,1
510,dingdong,THota,marketer,F,6/2/1971,805000,3,2
2245,malai,Chauy,managment,M,3/24/1993,835000,2,2
252,chamcham,THota,security,M,3/24/1993,80000,3,2
2253,chamcham,mooror,managment,F,5/25/1997,620000,3,5
2174,Sin,junejo,accountant,F,3/24/1993,385000,1,2
2280,malai,Bakra,managment,M,3/24/1993,695000,3,5
2804,Junoob,qureshi,maintenance,F,8/14/1947,45000,1,2
805,Cickchak,Bakra,maintenance,F,10/18/1997,505000,1,5
5,Bravo,junejo,managment,M,10/18/1997,350000,3,3
1726,Funter,Chait,real state agent,M,8/14/1947,980000,2,5
2303,Junoob,junejo,marketer,M,3/24/1993,850000,2,4
2255,tikka,ibleees,security,M,6/2/1971,50000,2,5
130,chamcham,qureshi,managment,M,8/14/1947,290000,2,1
2873,Junoob,Mukher,security,M,6/2/1971,220000,2,3
1102,dingdong,peerzada,security,M,5/25/1997,575000,2,3
190,chamcham,Mukher,managment,M,6/2/1971,715000,3,4
1268,ammar,khawajaa,marketer,M,5/25/1997,175000,3,4
868,Park,junejo,real state agent,M,5/6/1991,930000,2,5
2594,Cickchak,dahri,managment,M,3/6/1997,495000,1,1
627,chutiyaa,junejo,maintenance,F,6/2/1971,500000,1,3
660,Funter,peerzada,real state agent,F,5/6/1991,250000,3,1
82,chamiyaaa,Chait,accountant,F,10/18/1997,795000,2,3
1784,Funter,THota,maintenance,F,6/2/1971,85000,3,3
174,slanty,ibleees,marketer,F,6/2/1971,500000,3,2
621,charsi,KRUSE,managment,M,5/25/1997,770000,3,2
417,Funter,dahri,managment,F,3/24/1993,245000,2,3
2055,Bravo,lun,security,M,10/18/1997,850000,1,4
2336,Cickchak,Pernal,marketer,M,5/6/1991,270000,2,4
2793,Funter,KRUSE,maintenance,M,9/1/1999,495000,1,1
1512,chamcham,lun,security,F,5/25/1997,205000,2,2
2050,Sanab,Essarni,managment,M,3/24/1993,835000,3,2
2549,tikka,peerzada,maintenance,M,9/1/1999,985000,1,5
2017,charsi,khawajaa,managment,F,8/14/1947,410000,3,5
105,dingdong,Pernal,security,M,3/6/1997,805000,3,3
2943,Bharat,Pernal,accountant,M,10/18/1997,960000,3,2
966,Bravo,lun,security,M,8/14/1947,180000,3,1
692,Bravo,lun,managment,F,6/2/1971,590000,2,1
2373,Park,Chait,maintenance,F,9/1/1999,590000,2,2
2876,charsi,KRUSE,security,F,8/14/1947,215000,2,4
1889,malai,Bakra,accountant,M,3/24/1993,70000,2,2
1665,Bravo,dahri,managment,M,8/14/1947,335000,1,4
1903,Mark,peerzada,real state agent,F,10/18/1997,75000,1,1
63,Cickchak,THota,maintenance,F,3/6/1997,380000,3,5
1878,Junoob,khawajaa,real state agent,F,5/6/1991,365000,3,5
469,ammar,ibleees,real state agent,F,9/1/1999,555000,1,4
550,Park,KRUSE,maintenance,M,5/25/1997,70000,3,1
1707,ammar,baloch,accountant,M,8/14/1947,385000,2,3
1597,ammar,dahri,real state agent,M,10/18/1997,790000,2,2
368,Junoob,KRUSE,maintenance,F,8/14/1947,265000,1,4
331,malai,ibleees,accountant,M,3/6/1997,980000,3,1
2676,Mark,KRUSE,security,M,5/25/1997,365000,1,3
2616,chamcham,Chait,marketer,M,9/1/1999,120000,3,1
1031,slanty,Kinara,managment,M,6/2/1971,910000,1,4
2439,ammar,KRUSE,security,F,3/6/1997,710000,1,3
2723,slanty,dahri,marketer,M,5/25/1997,865000,2,2
1776,slanty,Pernal,security,F,3/6/1997,130000,3,4
1222,charsi,mooror,security,M,5/25/1997,835000,3,5
2503,Bharat,Bakra,real state agent,F,3/6/1997,700000,3,1
1070,charsi,Mukher,maintenance,F,5/6/1991,645000,2,2
211,Sin,khawajaa,managment,F,10/18/1997,715000,3,5
1699,Park,Essarni,managment,F,6/2/1971,690000,2,3
1173,umar,Pernal,maintenance,F,5/25/1997,320000,1,4
754,chutiyaa,khawajaa,security,F,5/6/1991,95000,3,4
2124,chamcham,dahri,real state agent,F,9/1/1999,55000,2,2
2354,malai,Bakra,maintenance,F,10/18/1997,390000,3,3
659,Funter,baloch,maintenance,F,6/2/1971,310000,2,2
383,Park,lun,maintenance,M,3/24/1993,500000,1,1
1667,Mark,qureshi,real state agent,M,5/25/1997,525000,2,2
459,tikka,peerzada,marketer,F,8/14/1947,450000,3,3
411,chamcham,lun,marketer,F,9/1/1999,585000,3,5
12,Mark,baloch,accountant,M,5/25/1997,105000,3,5
242,Bharat,Pernal,real state agent,F,3/24/1993,955000,3,5
2676,Bravo,qureshi,security,M,3/24/1993,820000,2,2
2426,Bravo,KRUSE,maintenance,M,8/14/1947,360000,2,1
1506,malai,Chait,maintenance,M,3/24/1993,615000,2,5
318,umar,lun,maintenance,M,5/25/1997,150000,3,4
276,Cickchak,KRUSE,security,F,6/2/1971,255000,2,1
2930,charsi,Chauy,accountant,F,8/14/1947,900000,1,3
397,chutiyaa,baloch,accountant,F,3/6/1997,105000,3,4
1300,umar,peerzada,real state agent,M,6/2/1971,35000,3,3
2643,Bravo,Chait,maintenance,F,10/18/1997,725000,3,5
2073,Junoob,THota,marketer,F,6/2/1971,25000,1,2
97,ammar,junejo,security,M,9/1/1999,205000,2,5
2412,tikka,peerzada,real state agent,M,10/18/1997,780000,1,4
920,charsi,Chauy,accountant,M,5/6/1991,865000,1,5
2578,Cickchak,junejo,accountant,F,5/6/1991,940000,1,4
1267,slanty,Mukher,accountant,F,5/25/1997,455000,2,2
2037,Mark,Essarni,marketer,M,9/1/1999,540000,1,2
634,tikka,baloch,security,F,3/6/1997,200000,2,4
564,Sanab,Pernal,accountant,M,3/24/1993,705000,2,3
463,chutiyaa,ibleees,real state agent,M,6/2/1971,630000,2,2
1522,Mark,ibleees,managment,F,5/25/1997,745000,1,4
156,Junoob,Kinara,accountant,M,5/6/1991,925000,3,4
145,Bravo,khawajaa,accountant,M,9/1/1999,760000,3,3
1630,chamiyaaa,lun,real state agent,M,5/6/1991,945000,1,3
1449,Bharat,Essarni,marketer,F,3/24/1993,200000,1,1
1750,slanty,KRUSE,accountant,M,5/25/1997,805000,3,1
823,ammar,lun,maintenance,M,5/25/1997,55000,1,3
533,chamiyaaa,Pernal,accountant,F,9/1/1999,630000,1,5
2015,chutiyaa,KRUSE,real state agent,M,3/24/1993,630000,2,1
1098,Park,Kinara,managment,F,6/2/1971,685000,1,5
2303,chamcham,qureshi,security,M,6/2/1971,805000,2,5
1050,chamcham,Mukher,real state agent,F,6/2/1971,525000,3,3
775,malai,Chait,real state agent,F,3/6/1997,530000,2,1
867,Junoob,Mukher,managment,M,5/6/1991,875000,2,3
1080,chamiyaaa,Kinara,maintenance,M,9/1/1999,110000,1,4
503,Cickchak,baloch,real state agent,M,3/24/1993,45000,2,5
2190,Mark,Chait,managment,M,10/18/1997,320000,3,2
2413,umar,ibleees,accountant,F,3/6/1997,835000,3,1
2100,Park,Chait,maintenance,F,3/6/1997,315000,2,4
397,chamiyaaa,Chait,managment,M,3/24/1993,880000,1,3
2770,Bravo,qureshi,maintenance,M,5/25/1997,95000,2,4
56,dingdong,khawajaa,managment,M,3/24/1993,270000,2,4
215,chamcham,THota,maintenance,F,3/24/1993,340000,1,3
607,Mark,mooror,accountant,F,3/24/1993,575000,2,3
1385,slanty,Kinara,accountant,M,8/14/1947,975000,3,2
2706,Cickchak,Essarni,managment,F,10/18/1997,640000,1,5
2624,chamcham,Chauy,marketer,M,3/6/1997,915000,1,2
1474,chutiyaa,Pernal,maintenance,F,10/18/1997,60000,2,1
849,Sin,Mukher,managment,M,10/18/1997,585000,1,2
1582,Cickchak,Chait,managment,F,8/14/1947,375000,1,4
104,Bravo,Bakra,managment,M,5/25/1997,900000,3,2
1293,Cickchak,qureshi,marketer,F,3/6/1997,330000,3,2
267,malai,Chait,real state agent,M,9/1/1999,340000,3,2
479,chutiyaa,qureshi,managment,M,9/1/1999,85000,1,1
106,Funter,junejo,maintenance,M,9/1/1999,765000,3,5
1207,chamiyaaa,junejo,accountant,M,8/14/1947,905000,3,3
2279,malai,peerzada,security,M,3/6/1997,865000,3,4
2985,Funter,junejo,marketer,F,3/24/1993,155000,2,1
1208,Cickchak,Chauy,managment,F,5/25/1997,255000,3,3
693,Bharat,Chait,accountant,M,9/1/1999,260000,2,1
1260,Bharat,Mukher,security,M,5/25/1997,255000,3,3
2042,charsi,Kinara,managment,M,9/1/1999,175000,3,1
1740,Cickchak,qureshi,managment,M,3/24/1993,645000,2,2
605,ammar,lun,maintenance,F,5/25/1997,705000,1,2
1893,tikka,lun,accountant,F,5/25/1997,685000,2,1
2792,Mark,THota,managment,F,6/2/1971,60000,1,3
1678,Park,qureshi,marketer,M,8/14/1947,115000,3,2
2545,chamcham,khawajaa,marketer,M,3/6/1997,785000,3,4
614,ammar,ibleees,maintenance,M,6/2/1971,475000,3,5
1039,ammar,Mukher,real state agent,M,6/2/1971,420000,2,3
1639,Cickchak,Chauy,accountant,F,5/25/1997,695000,2,4
2020,Bravo,ibleees,security,M,3/24/1993,755000,3,1
2093,chamcham,Essarni,accountant,M,5/25/1997,155000,1,5
885,ammar,THota,marketer,F,5/6/1991,455000,3,4
1415,ammar,qureshi,accountant,F,5/6/1991,230000,1,1
2095,Bharat,Mukher,accountant,M,9/1/1999,505000,1,2
2642,Bharat,qureshi,marketer,F,5/25/1997,400000,2,1
201,Bravo,KRUSE,maintenance,M,5/6/1991,420000,1,4
614,Mark,ibleees,accountant,F,10/18/1997,515000,2,4
228,malai,Chait,security,F,6/2/1971,310000,1,4
836,chutiyaa,Bakra,managment,M,3/24/1993,795000,3,2
2415,malai,Mukher,accountant,M,3/24/1993,700000,1,4
2930,dingdong,Chait,maintenance,M,8/14/1947,225000,2,1
616,dingdong,Bakra,marketer,F,5/25/1997,745000,2,3
2712,Funter,Essarni,accountant,M,5/6/1991,340000,2,4
2699,umar,Mukher,accountant,M,5/6/1991,525000,3,5
1171,chutiyaa,Mukher,maintenance,F,3/6/1997,470000,1,4
1731,Sin,Kinara,security,F,9/1/1999,275000,3,4
2535,umar,THota,marketer,F,5/25/1997,185000,2,3
558,Junoob,Essarni,marketer,M,3/6/1997,830000,3,2
181,umar,Chauy,maintenance,F,9/1/1999,695000,3,3
2495,slanty,ibleees,accountant,F,8/14/1947,795000,2,1
2805,malai,peerzada,security,M,8/14/1947,850000,3,4
2168,Mark,dahri,real state agent,M,8/14/1947,710000,3,2
2465,charsi,Essarni,maintenance,M,5/6/1991,660000,2,4
1075,Mark,khawajaa,accountant,F,5/6/1991,595000,3,3
1608,malai,dahri,managment,F,9/1/1999,755000,2,3
2962,charsi,khawajaa,marketer,M,3/6/1997,515000,3,3
164,Cickchak,KRUSE,security,M,3/24/1993,960000,3,2
392,Sin,Bakra,real state agent,M,3/6/1997,590000,1,5
1973,chamiyaaa,Mukher,maintenance,M,6/2/1971,260000,3,4
136,tikka,Kinara,marketer,M,5/25/1997,615000,1,1
2453,Bravo,Mukher,managment,F,10/18/1997,940000,3,5
535,Sin,Mukher,managment,M,8/14/1947,600000,3,5
344,Bharat,Chauy,security,M,3/24/1993,905000,2,4
496,Funter,qureshi,managment,F,8/14/1947,640000,2,3
470,Bharat,ibleees,accountant,F,5/6/1991,470000,3,4
2839,Mark,Mukher,accountant,F,5/25/1997,110000,1,1
1804,chamiyaaa,Pernal,real state agent,M,5/6/1991,125000,2,5
203,Sanab,Chauy,accountant,F,6/2/1971,415000,2,4
2983,Funter,lun,marketer,F,6/2/1971,345000,3,3
1701,ammar,khawajaa,security,F,8/14/1947,110000,2,3
679,charsi,qureshi,maintenance,M,5/25/1997,740000,1,5
2499,Sanab,Bakra,managment,F,9/1/1999,470000,2,3
757,slanty,peerzada,real state agent,F,8/14/1947,100000,3,1
2416,Mark,Essarni,managment,M,5/6/1991,395000,2,4
1742,Junoob,baloch,real state agent,F,8/14/1947,600000,3,1
1746,chamiyaaa,lun,maintenance,M,3/6/1997,875000,3,1
1106,ammar,baloch,managment,F,9/1/1999,630000,3,3
2021,chamcham,Kinara,security,M,10/18/1997,165000,2,5
287,Cickchak,Bakra,real state agent,F,10/18/1997,980000,2,4
1621,chutiyaa,THota,managment,M,8/14/1947,910000,2,3
1660,Bravo,Kinara,managment,F,3/6/1997,360000,2,1
615,Mark,lun,real state agent,F,8/14/1947,800000,2,2
2131,chamcham,Essarni,marketer,F,8/14/1947,650000,1,4
1178,Funter,Bakra,maintenance,F,9/1/1999,690000,2,2
2260,dingdong,Chait,accountant,F,9/1/1999,365000,3,1
1045,malai,baloch,managment,M,9/1/1999,135000,2,5
251,Funter,baloch,maintenance,M,3/6/1997,60000,2,4
1128,Park,baloch,accountant,M,5/25/1997,30000,2,3
479,Funter,THota,accountant,M,5/25/1997,555000,2,3
1321,ammar,lun,marketer,F,8/14/1947,975000,1,2
1507,Cickchak,Chauy,security,M,10/18/1997,915000,1,1
2524,malai,THota,marketer,F,5/6/1991,190000,3,5
2964,chutiyaa,Bakra,maintenance,M,3/6/1997,95000,3,3
716,Junoob,Bakra,security,M,3/24/1993,555000,2,5
20,Bharat,peerzada,accountant,F,3/24/1993,125000,3,5
366,Junoob,baloch,marketer,F,8/14/1947,350000,1,2
121,chamiyaaa,khawajaa,marketer,F,3/24/1993,660000,2,3
1769,chamcham,Bakra,real state agent,M,9/1/1999,625000,1,2
213,Park,Kinara,real state agent,F,8/14/1947,520000,2,4
1194,umar,Kinara,maintenance,M,3/24/1993,65000,3,5
2553,Bravo,Mukher,managment,M,9/1/1999,830000,2,1
2312,Junoob,Essarni,security,F,8/14/1947,965000,1,5
1309,dingdong,Chait,maintenance,M,5/6/1991,805000,3,4
509,Sin,Kinara,marketer,M,5/25/1997,770000,1,3
808,Sin,Pernal,marketer,F,3/24/1993,110000,3,2
924,chamiyaaa,mooror,security,F,6/2/1971,150000,1,2
382,Bharat,baloch,accountant,M,10/18/1997,100000,1,2
1157,chutiyaa,lun,real state agent,M,3/24/1993,230000,2,5
274,chamiyaaa,mooror,maintenance,M,9/1/1999,995000,3,4
1704,Mark,THota,real state agent,M,5/6/1991,775000,3,4
307,Bharat,dahri,security,F,10/18/1997,685000,3,4
1186,malai,Essarni,accountant,M,3/24/1993,560000,2,2
2418,Sin,peerzada,maintenance,M,9/1/1999,755000,3,5
2390,chamcham,Chait,maintenance,F,8/14/1947,610000,3,1
1597,chamcham,KRUSE,security,F,9/1/1999,655000,1,3
1467,Mark,Pernal,maintenance,M,3/24/1993,205000,1,2
169,ammar,ibleees,accountant,F,10/18/1997,490000,3,4
1174,slanty,peerzada,managment,F,3/24/1993,600000,2,1
358,Junoob,peerzada,maintenance,M,10/18/1997,435000,1,1
2795,dingdong,dahri,maintenance,F,3/6/1997,855000,1,1
1840,Bravo,Essarni,security,F,3/6/1997,40000,2,5
275,Cickchak,THota,security,F,3/6/1997,865000,1,3
581,Park,junejo,marketer,F,8/14/1947,40000,3,5
2935,Bravo,khawajaa,managment,M,8/14/1947,510000,3,1
1873,Cickchak,Mukher,real state agent,F,10/18/1997,255000,2,2
440,charsi,qureshi,accountant,M,5/6/1991,140000,2,3
2009,Funter,baloch,marketer,F,10/18/1997,260000,1,4
2910,slanty,Mukher,marketer,F,5/6/1991,875000,2,4
76,chamcham,peerzada,security,F,6/2/1971,140000,2,5
2757,Bravo,baloch,accountant,M,8/14/1947,75000,2,2
1167,Sanab,qureshi,managment,M,8/14/1947,930000,1,1
2785,ammar,ibleees,real state agent,M,5/6/1991,980000,2,3
1068,Junoob,baloch,managment,M,8/14/1947,960000,2,4
915,Funter,lun,real state agent,F,9/1/1999,370000,2,4
177,dingdong,THota,maintenance,F,6/2/1971,100000,3,1
2445,Bharat,Chait,security,F,9/1/1999,100000,2,2
572,Park,baloch,real state agent,F,5/25/1997,140000,2,5
2398,chutiyaa,Pernal,accountant,F,10/18/1997,660000,1,4
1928,Sanab,Mukher,marketer,F,10/18/1997,450000,1,3
2904,Sin,dahri,real state agent,M,3/24/1993,525000,2,2
27,Sanab,Kinara,marketer,M,5/25/1997,395000,2,4
882,Funter,junejo,accountant,F,5/25/1997,535000,1,5
2806,chamiyaaa,qureshi,real state agent,M,3/24/1993,590000,1,4
627,tikka,Chait,managment,M,6/2/1971,375000,3,1
2248,Mark,THota,accountant,M,6/2/1971,640000,2,5
1986,tikka,dahri,managment,F,3/6/1997,40000,1,5
779,Park,lun,security,M,8/14/1947,405000,1,2
2469,ammar,Chait,marketer,F,9/1/1999,675000,1,2
823,chamcham,khawajaa,accountant,M,5/6/1991,245000,1,1
829,ammar,Chauy,maintenance,F,8/14/1947,205000,1,2
601,chamcham,THota,accountant,M,5/25/1997,30000,2,5
2578,Funter,khawajaa,accountant,M,6/2/1971,700000,1,3
400,Junoob,ibleees,marketer,F,5/25/1997,190000,2,3
2948,Junoob,Mukher,managment,F,8/14/1947,640000,2,2
2254,dingdong,peerzada,maintenance,F,5/25/1997,730000,1,1
2012,Junoob,peerzada,security,F,9/1/1999,950000,3,4
689,Cickchak,Kinara,marketer,F,10/18/1997,985000,1,1
2050,chutiyaa,junejo,marketer,M,6/2/1971,140000,1,2
79,Cickchak,peerzada,real state agent,M,9/1/1999,580000,3,4
282,charsi,qureshi,accountant,M,5/6/1991,750000,2,4
6,charsi,peerzada,accountant,F,3/24/1993,800000,3,1
2767,Funter,Essarni,accountant,F,6/2/1971,660000,3,5
310,charsi,Chauy,managment,M,5/25/1997,180000,2,2
2580,umar,Pernal,maintenance,F,9/1/1999,325000,3,3
2919,Park,KRUSE,real state agent,F,5/25/1997,185000,1,5
2188,ammar,mooror,maintenance,F,3/6/1997,875000,3,2
1512,umar,Bakra,maintenance,F,3/6/1997,840000,1,1
874,Mark,junejo,real state agent,M,5/6/1991,480000,2,2
235,chamiyaaa,qureshi,maintenance,F,3/6/1997,70000,3,5
1471,charsi,lun,real state agent,F,3/24/1993,620000,2,4
2297,Mark,Bakra,accountant,M,3/6/1997,945000,2,4
292,Funter,Mukher,maintenance,M,10/18/1997,875000,3,1
2252,umar,Kinara,security,M,6/2/1971,95000,3,1
2785,charsi,Chauy,maintenance,F,3/24/1993,375000,2,1
2090,Park,Chauy,marketer,F,8/14/1947,560000,2,3
1914,Sin,Pernal,real state agent,F,10/18/1997,965000,2,2
583,malai,mooror,real state agent,F,6/2/1971,930000,2,5
963,chutiyaa,KRUSE,managment,F,8/14/1947,590000,3,5
777,Bharat,lun,real state agent,M,5/25/1997,600000,3,4
836,chutiyaa,KRUSE,security,M,6/2/1971,715000,1,5
1782,Sanab,baloch,maintenance,F,3/6/1997,860000,3,1
673,chamiyaaa,KRUSE,marketer,F,10/18/1997,970000,1,2
668,slanty,THota,managment,M,9/1/1999,340000,1,3
830,dingdong,junejo,real state agent,M,6/2/1971,385000,2,2
1397,Cickchak,Pernal,real state agent,F,5/6/1991,775000,2,1
2389,Funter,mooror,accountant,F,5/6/1991,540000,3,1
2951,chutiyaa,dahri,security,F,6/2/1971,355000,2,3
2462,Mark,Essarni,accountant,F,8/14/1947,225000,2,1
2479,chutiyaa,baloch,marketer,M,5/25/1997,930000,1,2
2810,tikka,Chauy,marketer,F,10/18/1997,805000,1,4
161,slanty,THota,real state agent,F,8/14/1947,275000,1,4
1049,Mark,ibleees,maintenance,M,3/24/1993,870000,1,5
1380,tikka,lun,marketer,F,5/6/1991,800000,3,1
2435,malai,dahri,real state agent,F,6/2/1971,125000,3,3
2338,ammar,THota,security,M,6/2/1971,330000,2,3
2977,Bharat,Bakra,managment,M,9/1/1999,810000,2,3
667,ammar,Kinara,maintenance,F,3/6/1997,820000,2,5
2880,dingdong,Chait,security,F,5/25/1997,125000,2,1
17,chutiyaa,lun,marketer,F,6/2/1971,730000,1,3
1082,slanty,Bakra,maintenance,F,5/25/1997,905000,2,5
2723,Bharat,dahri,managment,M,3/24/1993,885000,2,2
2734,ammar,THota,marketer,F,10/18/1997,415000,3,4
407,Bharat,ibleees,marketer,F,6/2/1971,95000,2,3
1131,Park,ibleees,accountant,M,5/6/1991,135000,3,1
2464,Park,Chauy,security,M,5/6/1991,145000,1,5
92,Cickchak,KRUSE,real state agent,F,6/2/1971,990000,2,5
1115,Sin,Kinara,accountant,F,6/2/1971,410000,3,2
1485,malai,ibleees,real state agent,M,9/1/1999,675000,3,5
2421,Bharat,THota,accountant,M,6/2/1971,855000,1,4
2313,Sanab,lun,managment,M,3/24/1993,620000,1,5
583,umar,Essarni,real state agent,F,6/2/1971,530000,1,1
2742,Junoob,baloch,marketer,F,3/24/1993,830000,3,1
1320,umar,lun,managment,M,9/1/1999,405000,1,5
2611,Junoob,qureshi,real state agent,F,5/25/1997,445000,2,2
1854,charsi,junejo,maintenance,F,8/14/1947,935000,1,3
1591,Sanab,Mukher,marketer,F,8/14/1947,675000,3,1
1080,Bharat,qureshi,security,F,9/1/1999,145000,1,5
1938,dingdong,ibleees,marketer,M,10/18/1997,370000,3,4
837,Sanab,Kinara,security,F,9/1/1999,865000,3,1
2134,Junoob,Bakra,marketer,M,9/1/1999,730000,1,2
1103,Funter,Pernal,accountant,F,3/24/1993,785000,1,5
2879,tikka,peerzada,real state agent,F,3/24/1993,105000,3,2
2441,slanty,lun,real state agent,M,5/25/1997,830000,2,1
1421,Park,Essarni,marketer,M,3/6/1997,550000,1,5
460,chutiyaa,Bakra,security,M,6/2/1971,595000,1,5
1560,malai,Chait,maintenance,M,6/2/1971,440000,2,2
102,ammar,KRUSE,managment,F,6/2/1971,170000,1,3
324,chamiyaaa,baloch,marketer,M,6/2/1971,775000,2,3
278,chutiyaa,Chait,managment,F,10/18/1997,980000,3,5
1279,Cickchak,lun,security,F,8/14/1947,275000,3,4
346,chamiyaaa,Essarni,marketer,M,8/14/1947,460000,1,4
1681,chutiyaa,Pernal,maintenance,F,8/14/1947,830000,2,2
2978,umar,mooror,security,F,3/24/1993,435000,1,1
2193,umar,Bakra,marketer,M,10/18/1997,315000,1,3
1488,chamiyaaa,Kinara,maintenance,M,5/6/1991,995000,1,4
1690,umar,dahri,maintenance,F,5/6/1991,90000,1,1
890,Mark,dahri,marketer,M,3/24/1993,180000,2,2
1285,Sanab,dahri,security,F,6/2/1971,45000,3,5
2502,dingdong,THota,real state agent,F,5/6/1991,675000,3,2
2269,Funter,Kinara,marketer,M,8/14/1947,385000,1,2
1207,tikka,ibleees,accountant,F,8/14/1947,230000,1,2
430,Bharat,Chait,real state agent,M,3/24/1993,255000,3,1
1416,Bharat,THota,marketer,M,6/2/1971,965000,2,5
306,Park,dahri,security,F,3/6/1997,990000,3,4
1854,Sanab,peerzada,maintenance,M,3/24/1993,940000,1,1
225,tikka,Kinara,marketer,M,9/1/1999,500000,3,2
706,Bravo,THota,security,F,3/24/1993,840000,3,2
1919,chamiyaaa,Chauy,managment,M,10/18/1997,890000,2,1
1358,Junoob,mooror,marketer,M,8/14/1947,445000,1,2
1,ammar,Mukher,accountant,F,5/6/1991,145000,2,1
254,Mark,KRUSE,maintenance,F,3/6/1997,780000,2,4
881,umar,lun,accountant,M,3/6/1997,995000,2,5
1484,chamiyaaa,Pernal,real state agent,M,9/1/1999,575000,1,5
1369,Mark,qureshi,real state agent,F,3/6/1997,125000,3,4
953,tikka,junejo,accountant,F,8/14/1947,330000,1,2
2729,Sin,Mukher,maintenance,M,6/2/1971,805000,1,4
172,ammar,ibleees,accountant,M,5/6/1991,95000,1,2
2233,dingdong,Mukher,managment,F,5/6/1991,45000,2,2
2481,Sin,peerzada,real state agent,M,10/18/1997,670000,3,4
706,slanty,khawajaa,accountant,F,10/18/1997,745000,3,5
37,chamiyaaa,mooror,accountant,F,3/24/1993,355000,1,3
345,Mark,Bakra,accountant,F,3/24/1993,445000,2,5
226,slanty,junejo,marketer,M,9/1/1999,130000,1,5
2561,Funter,qureshi,accountant,M,5/6/1991,900000,3,4
2252,Funter,lun,maintenance,F,3/24/1993,800000,2,4
1968,Park,Chait,accountant,F,3/24/1993,620000,2,5
2323,Junoob,KRUSE,marketer,M,8/14/1947,145000,1,1
969,chamcham,Kinara,marketer,M,5/6/1991,825000,1,1
1431,tikka,ibleees,maintenance,F,3/24/1993,350000,3,3
540,umar,Mukher,accountant,M,3/6/1997,590000,2,4
685,Cickchak,junejo,accountant,M,6/2/1971,400000,1,5
2023,chamiyaaa,Mukher,accountant,M,10/18/1997,230000,3,2
2725,Bharat,khawajaa,security,M,3/24/1993,870000,3,1
2811,ammar,dahri,marketer,F,5/6/1991,75000,2,3
630,tikka,THota,real state agent,F,10/18/1997,375000,3,3
795,chutiyaa,lun,managment,M,5/6/1991,625000,1,3
2713,Park,Chait,accountant,M,5/25/1997,300000,3,4
649,Mark,Pernal,managment,M,3/6/1997,400000,1,5
2640,charsi,khawajaa,real state agent,F,10/18/1997,870000,2,4
2615,Sin,mooror,real state agent,M,5/6/1991,435000,2,2
1451,Bravo,lun,maintenance,F,3/6/1997,685000,2,1
2259,dingdong,baloch,accountant,F,10/18/1997,920000,3,2
1582,slanty,junejo,security,F,5/6/1991,75000,3,2
2846,chutiyaa,Pernal,managment,F,8/14/1947,75000,2,1
45,chutiyaa,qureshi,accountant,M,5/25/1997,915000,2,3
1349,Funter,dahri,security,M,10/18/1997,535000,1,3
611,dingdong,Mukher,managment,F,3/6/1997,320000,1,3
986,Sin,Chauy,real state agent,F,3/6/1997,265000,3,2
160,Funter,mooror,accountant,F,3/24/1993,320000,2,1
1829,Funter,peerzada,real state agent,F,5/6/1991,275000,1,5
474,Bravo,dahri,real state agent,F,5/6/1991,95000,3,2
423,Mark,khawajaa,managment,F,8/14/1947,730000,1,1
949,dingdong,lun,managment,M,6/2/1971,190000,2,4
2158,Sanab,THota,managment,F,3/24/1993,330000,2,2
588,ammar,dahri,accountant,F,8/14/1947,270000,2,1
827,malai,mooror,marketer,M,5/25/1997,390000,1,1
2307,chamiyaaa,dahri,managment,M,5/25/1997,220000,2,4
2280,slanty,Chait,security,M,8/14/1947,390000,2,2
2479,Cickchak,Mukher,accountant,M,6/2/1971,785000,3,3
375,Cickchak,KRUSE,security,F,6/2/1971,935000,2,4
2747,Mark,Kinara,security,F,3/6/1997,680000,3,5
1001,dingdong,Kinara,managment,M,10/18/1997,600000,3,5
259,chutiyaa,qureshi,marketer,F,3/24/1993,440000,1,5
2336,slanty,KRUSE,managment,F,9/1/1999,695000,2,3
2786,ammar,Chauy,accountant,F,3/6/1997,855000,3,5
204,tikka,THota,security,M,8/14/1947,530000,2,5
146,Mark,Mukher,maintenance,M,10/18/1997,700000,1,2
390,Bharat,junejo,real state agent,F,9/1/1999,190000,3,5
1119,chamiyaaa,KRUSE,marketer,M,3/6/1997,925000,2,2
1557,Mark,junejo,accountant,M,6/2/1971,275000,1,5
239,Park,Bakra,security,M,3/24/1993,695000,1,4
1353,charsi,Pernal,managment,F,8/14/1947,495000,3,1
688,charsi,peerzada,accountant,M,5/6/1991,215000,2,2
1075,Sanab,qureshi,maintenance,M,8/14/1947,635000,2,3
914,slanty,dahri,marketer,F,6/2/1971,155000,1,5
2039,Sanab,Pernal,security,M,5/25/1997,610000,1,5
1710,chamiyaaa,peerzada,security,M,10/18/1997,875000,2,3
35,chamcham,KRUSE,accountant,M,8/14/1947,295000,2,2
333,chamiyaaa,Essarni,accountant,F,3/24/1993,495000,3,2
239,Funter,Pernal,security,F,6/2/1971,330000,2,2
393,slanty,Chauy,security,M,10/18/1997,445000,3,3
1084,chamcham,Bakra,marketer,F,10/18/1997,850000,1,1
196,umar,junejo,real state agent,M,3/6/1997,590000,2,5
2230,chutiyaa,Pernal,managment,M,5/25/1997,645000,2,1
54,Mark,peerzada,accountant,M,8/14/1947,755000,2,4
1885,malai,Chauy,managment,M,9/1/1999,465000,3,1
2737,Bravo,junejo,maintenance,F,8/14/1947,870000,1,4
2321,tikka,Mukher,marketer,F,3/24/1993,575000,1,5
2324,Sin,KRUSE,maintenance,M,10/18/1997,125000,3,5
925,dingdong,Mukher,marketer,F,8/14/1947,745000,2,3
236,slanty,mooror,marketer,M,5/6/1991,790000,1,4
2770,Park,Chait,accountant,F,10/18/1997,130000,2,1
1014,Sanab,THota,real state agent,M,10/18/1997,455000,3,2
2294,chamiyaaa,Kinara,real state agent,M,5/25/1997,215000,1,1
2809,malai,mooror,managment,F,5/6/1991,375000,2,1
2334,chamiyaaa,mooror,maintenance,M,3/6/1997,700000,3,3
1959,chamiyaaa,baloch,managment,M,8/14/1947,550000,1,4
411,Sin,baloch,managment,M,3/6/1997,235000,1,4
2371,Sin,baloch,accountant,M,5/25/1997,255000,3,2
2217,Mark,mooror,real state agent,M,5/25/1997,305000,1,2
2643,chamiyaaa,khawajaa,marketer,M,3/24/1993,615000,1,5
2005,Funter,khawajaa,managment,M,3/24/1993,730000,2,2
2410,Junoob,Kinara,managment,F,5/25/1997,870000,3,1
2878,Sin,ibleees,real state agent,M,5/25/1997,350000,1,4
1872,chamcham,Pernal,marketer,F,5/6/1991,675000,1,1
1469,chamcham,Kinara,maintenance,M,5/6/1991,145000,3,1
2131,Junoob,Pernal,managment,M,9/1/1999,210000,3,4
574,Sin,junejo,maintenance,M,9/1/1999,705000,2,5
286,chamiyaaa,Bakra,managment,M,8/14/1947,175000,2,1
615,Sanab,peerzada,real state agent,F,9/1/1999,935000,3,5
2641,Junoob,dahri,marketer,M,9/1/1999,530000,3,3
2825,charsi,Bakra,marketer,M,8/14/1947,585000,3,3
1268,Sanab,Chauy,security,F,3/24/1993,700000,2,4
1535,Park,dahri,real state agent,M,3/6/1997,910000,1,3
19,ammar,khawajaa,accountant,M,6/2/1971,960000,1,5
2909,Junoob,THota,accountant,M,9/1/1999,875000,1,3
2235,Sin,khawajaa,marketer,M,3/24/1993,825000,2,3
1259,Sanab,THota,managment,F,3/6/1997,890000,2,2
2455,Sin,KRUSE,accountant,M,9/1/1999,765000,1,5
2807,charsi,Chauy,maintenance,F,3/6/1997,555000,2,1
1087,Junoob,Chauy,security,M,10/18/1997,125000,2,5
1556,dingdong,THota,real state agent,F,10/18/1997,370000,1,3
2297,Bharat,KRUSE,maintenance,F,6/2/1971,425000,2,5
1722,dingdong,junejo,accountant,F,5/25/1997,425000,3,3
2973,Funter,Mukher,accountant,M,3/6/1997,340000,2,1
1457,charsi,THota,accountant,F,5/6/1991,85000,1,2
1473,tikka,Mukher,marketer,M,6/2/1971,750000,1,1
2138,Cickchak,KRUSE,real state agent,M,10/18/1997,650000,3,1
2455,tikka,KRUSE,maintenance,M,9/1/1999,265000,1,5
1943,Sin,ibleees,accountant,F,5/25/1997,60000,3,1
1766,chutiyaa,Bakra,real state agent,M,10/18/1997,770000,1,2
1860,Mark,dahri,marketer,F,10/18/1997,600000,2,5
377,chamcham,Bakra,security,F,3/24/1993,375000,1,4
1511,slanty,lun,managment,M,9/1/1999,100000,3,4
2350,Junoob,peerzada,marketer,F,9/1/1999,520000,2,2
890,umar,khawajaa,security,M,10/18/1997,480000,3,2
2805,Bharat,junejo,managment,M,9/1/1999,920000,1,1
2609,chutiyaa,KRUSE,managment,M,8/14/1947,145000,2,1
2237,Cickchak,khawajaa,marketer,M,6/2/1971,300000,3,4
2220,Sanab,KRUSE,real state agent,M,5/25/1997,735000,1,4
850,Bharat,THota,marketer,F,5/6/1991,205000,2,4
130,Junoob,qureshi,accountant,M,6/2/1971,165000,1,2
1616,chamiyaaa,Bakra,accountant,F,8/14/1947,685000,3,4
1854,tikka,Chauy,maintenance,F,3/24/1993,805000,1,5
2465,Mark,ibleees,security,F,3/24/1993,675000,1,3
1137,chutiyaa,Bakra,accountant,M,5/25/1997,320000,2,2
2603,Funter,lun,security,F,5/6/1991,580000,1,5
1982,tikka,Mukher,security,M,3/24/1993,735000,2,5
2364,slanty,Bakra,managment,M,6/2/1971,145000,3,5
104,Park,lun,real state agent,M,10/18/1997,85000,3,5
2980,Cickchak,lun,maintenance,M,8/14/1947,530000,1,3
2865,Park,peerzada,accountant,M,3/6/1997,885000,2,3
575,Mark,mooror,real state agent,M,9/1/1999,600000,2,2
2686,charsi,Chait,real state agent,M,6/2/1971,760000,2,1
325,Bravo,qureshi,real state agent,M,8/14/1947,80000,3,5
680,Sanab,Chauy,security,F,5/6/1991,950000,3,1
2113,Park,Pernal,marketer,M,8/14/1947,215000,2,2
1023,malai,Mukher,marketer,M,10/18/1997,35000,2,5
815,dingdong,Essarni,marketer,M,5/6/1991,585000,3,4
421,dingdong,dahri,maintenance,M,5/25/1997,305000,3,4
2228,Junoob,peerzada,accountant,M,5/25/1997,635000,1,1
1448,Bharat,khawajaa,real state agent,M,8/14/1947,40000,3,3
2884,Cickchak,dahri,managment,F,5/6/1991,410000,2,2
1143,Sanab,Chauy,security,M,9/1/1999,640000,3,4
323,chamiyaaa,junejo,accountant,F,5/25/1997,520000,1,2
1480,Junoob,khawajaa,managment,M,10/18/1997,25000,3,2
1624,dingdong,khawajaa,maintenance,F,3/24/1993,375000,2,3
2690,tikka,lun,marketer,F,6/2/1971,765000,1,5
1503,tikka,Mukher,accountant,M,9/1/1999,930000,1,2
86,Park,peerzada,managment,M,3/6/1997,315000,3,4
203,tikka,junejo,accountant,F,3/6/1997,165000,3,1
2800,chamiyaaa,mooror,maintenance,M,8/14/1947,610000,1,3
1217,Cickchak,peerzada,maintenance,M,9/1/1999,745000,2,5
102,Sin,Pernal,managment,M,3/6/1997,875000,3,2
1835,tikka,Kinara,marketer,M,3/6/1997,815000,2,3
1585,Bravo,qureshi,security,M,6/2/1971,560000,1,2
2896,charsi,Chait,maintenance,M,3/6/1997,615000,2,3
2629,Funter,dahri,security,M,9/1/1999,465000,3,1
1870,Funter,mooror,maintenance,F,6/2/1971,255000,3,3
2112,Bravo,qureshi,real state agent,F,10/18/1997,340000,2,5
2561,chamcham,qureshi,marketer,M,3/24/1993,135000,3,4
645,Bharat,qureshi,managment,M,8/14/1947,775000,3,5
2341,chamcham,dahri,real state agent,F,3/6/1997,555000,2,4
1503,Funter,Pernal,real state agent,F,8/14/1947,590000,2,5
2152,Bravo,peerzada,managment,F,3/24/1993,690000,2,1
501,Park,khawajaa,accountant,M,3/6/1997,670000,3,3
778,chamcham,junejo,security,M,8/14/1947,650000,3,1
539,Mark,khawajaa,accountant,M,5/6/1991,145000,2,2
1633,Park,THota,real state agent,F,8/14/1947,600000,2,4
191,malai,Kinara,security,F,8/14/1947,615000,2,3
2608,Park,Chauy,accountant,F,9/1/1999,805000,1,1
1136,malai,Chait,security,M,9/1/1999,480000,1,4
2581,ammar,mooror,marketer,F,9/1/1999,395000,3,3
2047,Sin,Essarni,managment,F,10/18/1997,500000,1,2
2731,ammar,junejo,managment,F,5/25/1997,665000,1,1
223,chamiyaaa,dahri,security,F,3/24/1993,985000,1,5
1562,Junoob,Mukher,accountant,M,10/18/1997,745000,3,2
2984,Sin,Bakra,marketer,F,6/2/1971,755000,3,2
1055,Bharat,Chauy,marketer,F,6/2/1971,390000,3,3
931,slanty,baloch,marketer,M,3/6/1997,355000,2,3
2612,slanty,Essarni,marketer,M,9/1/1999,755000,3,4
1550,Bharat,Essarni,security,M,8/14/1947,360000,3,2
2873,chamiyaaa,Bakra,maintenance,M,5/25/1997,135000,2,4
2090,tikka,baloch,security,F,8/14/1947,610000,1,3
2105,umar,Chait,accountant,M,9/1/1999,360000,2,1
2343,dingdong,junejo,managment,F,5/6/1991,225000,1,3
2741,Bharat,lun,maintenance,F,3/6/1997,595000,3,3
1522,chutiyaa,KRUSE,security,M,5/6/1991,375000,3,1
303,malai,khawajaa,maintenance,M,3/24/1993,530000,3,3
1884,Bravo,qureshi,accountant,F,3/6/1997,300000,2,4
697,chamiyaaa,khawajaa,managment,F,5/25/1997,170000,2,1
1827,Mark,dahri,marketer,F,9/1/1999,185000,2,2
2667,charsi,Essarni,managment,F,10/18/1997,485000,1,1
723,Mark,Bakra,security,F,5/25/1997,640000,3,2
2916,Junoob,THota,managment,M,10/18/1997,980000,3,3
411,chamcham,Bakra,real state agent,F,6/2/1971,265000,2,5
157,slanty,ibleees,real state agent,F,5/6/1991,650000,3,3
1734,dingdong,Chauy,maintenance,F,6/2/1971,470000,3,2
1040,tikka,junejo,accountant,M,5/6/1991,520000,3,3
2510,slanty,junejo,real state agent,F,10/18/1997,520000,3,5
748,Junoob,lun,real state agent,M,6/2/1971,765000,1,5
2543,chutiyaa,ibleees,marketer,F,6/2/1971,325000,2,3
2424,Park,junejo,security,M,5/25/1997,595000,3,1
1172,Sanab,Chait,real state agent,F,8/14/1947,900000,2,3
997,Park,qureshi,managment,M,3/6/1997,435000,1,3
2690,ammar,lun,managment,F,3/6/1997,500000,2,1
487,ammar,Bakra,accountant,M,3/24/1993,875000,3,4
2736,Cickchak,lun,security,M,9/1/1999,500000,3,1
619,Bharat,khawajaa,managment,M,5/6/1991,785000,3,4
1759,Bravo,khawajaa,marketer,F,3/6/1997,155000,3,3
1370,slanty,Pernal,accountant,M,3/24/1993,615000,1,3
2927,Bharat,KRUSE,maintenance,F,3/24/1993,635000,3,2
401,dingdong,khawajaa,managment,F,3/6/1997,790000,1,3
1902,chamcham,khawajaa,marketer,M,5/6/1991,150000,3,4
567,chutiyaa,Kinara,managment,M,5/6/1991,480000,3,5
1539,malai,Kinara,accountant,M,3/6/1997,780000,1,1
2961,slanty,KRUSE,marketer,M,3/6/1997,45000,1,3
630,slanty,khawajaa,maintenance,F,3/24/1993,425000,2,4
146,Junoob,THota,accountant,M,5/25/1997,145000,1,5
413,malai,dahri,maintenance,F,6/2/1971,925000,2,2
909,charsi,Chait,security,F,6/2/1971,780000,3,3
2652,tikka,Bakra,maintenance,M,6/2/1971,960000,3,1
947,ammar,qureshi,security,M,5/25/1997,845000,3,1
205,tikka,lun,maintenance,F,3/24/1993,570000,3,2
2731,Bravo,Chauy,real state agent,F,6/2/1971,395000,2,1
2761,Park,junejo,marketer,M,9/1/1999,825000,1,5
2547,Bravo,baloch,accountant,F,5/25/1997,610000,1,5
2520,chamcham,lun,maintenance,F,10/18/1997,510000,3,4
223,charsi,lun,real state agent,F,8/14/1947,755000,2,3
1766,chamiyaaa,Essarni,real state agent,F,3/24/1993,215000,3,1
1485,Cickchak,Kinara,marketer,M,5/6/1991,705000,3,2
1959,Funter,mooror,real state agent,M,10/18/1997,145000,3,5
2219,Funter,baloch,real state agent,M,5/25/1997,25000,1,5
156,tikka,Pernal,marketer,F,5/6/1991,970000,3,3
2711,Sanab,junejo,managment,F,6/2/1971,675000,2,1
1358,Bharat,baloch,security,M,3/6/1997,420000,3,2
2486,Funter,Kinara,managment,F,10/18/1997,75000,3,4
1889,malai,Chait,marketer,F,3/6/1997,390000,2,5
508,Mark,Pernal,accountant,M,10/18/1997,865000,3,3
585,Bravo,peerzada,real state agent,M,9/1/1999,190000,1,5
1588,Park,Kinara,real state agent,M,3/24/1993,660000,1,3
170,chamiyaaa,Bakra,managment,F,5/6/1991,845000,2,3
1153,umar,khawajaa,maintenance,M,3/24/1993,935000,1,4
1173,Funter,Kinara,security,M,10/18/1997,965000,2,3
1391,Sin,ibleees,managment,M,10/18/1997,485000,1,2
2576,Mark,Mukher,maintenance,F,3/6/1997,445000,2,5
434,chamiyaaa,lun,marketer,M,5/25/1997,585000,1,3
2849,charsi,dahri,managment,M,3/24/1993,550000,1,2
2283,ammar,Chait,managment,F,3/6/1997,335000,3,3
2104,Bharat,Kinara,accountant,F,3/24/1993,830000,3,2
2842,malai,peerzada,real state agent,M,9/1/1999,700000,2,3
2415,slanty,Kinara,maintenance,M,5/25/1997,450000,3,4
2420,slanty,mooror,managment,F,3/6/1997,275000,1,5
357,Cickchak,mooror,managment,F,5/25/1997,700000,3,5
2839,dingdong,mooror,accountant,F,9/1/1999,195000,3,5
2829,ammar,mooror,accountant,M,6/2/1971,25000,1,3
2762,Sanab,ibleees,real state agent,F,3/6/1997,100000,3,2
1388,dingdong,mooror,accountant,F,5/25/1997,825000,1,1
2278,slanty,khawajaa,managment,M,3/6/1997,840000,1,2
789,Funter,peerzada,marketer,F,5/6/1991,270000,3,5
2403,chutiyaa,Mukher,managment,F,5/25/1997,275000,1,3
1476,tikka,THota,accountant,F,5/25/1997,735000,2,2
1427,dingdong,Bakra,maintenance,F,5/6/1991,540000,3,3
2171,chamiyaaa,Bakra,maintenance,M,6/2/1971,940000,3,2
1234,Mark,khawajaa,accountant,F,9/1/1999,205000,2,5
1251,Sin,dahri,real state agent,F,9/1/1999,885000,1,3
1537,charsi,khawajaa,security,M,3/6/1997,945000,1,3
1521,Bharat,dahri,maintenance,M,8/14/1947,315000,2,3
436,Funter,lun,maintenance,F,10/18/1997,385000,2,5
2633,Park,KRUSE,managment,F,5/25/1997,370000,2,5
993,chamiyaaa,peerzada,maintenance,M,3/6/1997,465000,1,1
1520,Mark,Pernal,marketer,M,5/25/1997,530000,2,2
10,Junoob,baloch,maintenance,M,10/18/1997,440000,1,1
2553,chamiyaaa,ibleees,real state agent,M,10/18/1997,205000,2,5
1891,Sin,mooror,managment,M,5/6/1991,875000,2,3
883,malai,khawajaa,security,F,3/24/1993,550000,2,4
59,slanty,dahri,marketer,M,3/24/1993,785000,3,3
204,dingdong,baloch,accountant,M,3/24/1993,205000,1,1
631,ammar,peerzada,marketer,M,5/25/1997,245000,1,1
1284,tikka,qureshi,managment,M,3/24/1993,330000,3,1
2116,Sanab,Kinara,security,M,5/25/1997,410000,3,2
542,Mark,baloch,maintenance,F,5/25/1997,685000,2,4
2132,slanty,junejo,security,M,5/6/1991,345000,3,3
1730,umar,lun,maintenance,M,5/25/1997,25000,2,4
1465,umar,THota,real state agent,M,8/14/1947,935000,1,2
899,chutiyaa,Chauy,security,M,8/14/1947,890000,1,5
106,umar,dahri,maintenance,F,6/2/1971,565000,1,2
1073,ammar,Kinara,security,M,5/6/1991,880000,2,2
1213,umar,peerzada,marketer,M,6/2/1971,80000,3,1
1217,chamcham,ibleees,real state agent,M,5/25/1997,900000,3,3
797,charsi,mooror,marketer,F,5/6/1991,30000,3,2
2428,Bravo,Mukher,security,F,6/2/1971,715000,3,4
964,Junoob,Essarni,marketer,M,6/2/1971,550000,1,4
2959,Sin,peerzada,managment,M,10/18/1997,620000,2,5
495,Sanab,THota,accountant,M,3/6/1997,560000,1,5
1591,chamiyaaa,KRUSE,managment,M,10/18/1997,615000,2,4
1226,Cickchak,lun,accountant,M,8/14/1947,905000,1,3
1980,chamcham,peerzada,managment,F,5/25/1997,940000,3,4
1172,malai,Mukher,accountant,M,6/2/1971,535000,3,2
607,charsi,ibleees,security,M,6/2/1971,860000,1,2
38,Park,THota,accountant,M,10/18/1997,100000,2,3
2097,Cickchak,THota,real state agent,F,10/18/1997,575000,2,2
2352,ammar,lun,managment,M,9/1/1999,675000,1,5
2242,dingdong,lun,security,M,3/24/1993,820000,3,2
2061,malai,THota,maintenance,M,3/6/1997,965000,3,4
1775,chamcham,Bakra,managment,F,6/2/1971,575000,2,1
2383,umar,Pernal,real state agent,F,8/14/1947,820000,1,2
828,dingdong,Bakra,real state agent,M,3/24/1993,605000,2,2
1730,chamcham,qureshi,security,M,8/14/1947,295000,2,3
427,chamiyaaa,Bakra,managment,F,8/14/1947,960000,3,4
1271,chutiyaa,Chait,real state agent,M,5/25/1997,665000,3,5
1894,Park,qureshi,real state agent,M,6/2/1971,490000,3,1
120,Sin,peerzada,marketer,M,5/6/1991,455000,2,4
2386,Cickchak,Pernal,maintenance,M,9/1/1999,860000,2,5
2598,umar,lun,managment,F,3/6/1997,95000,2,3
1481,umar,mooror,accountant,M,3/24/1993,705000,3,5
2978,umar,mooror,security,M,6/2/1971,285000,2,4
982,chamiyaaa,Chauy,real state agent,M,10/18/1997,955000,2,4
315,Cickchak,junejo,real state agent,F,10/18/1997,905000,1,2
2561,chutiyaa,Pernal,security,M,5/6/1991,980000,2,5
2164,Park,Bakra,security,F,10/18/1997,610000,3,2
1535,Cickchak,mooror,accountant,M,5/6/1991,340000,1,4
2845,Mark,Kinara,accountant,M,5/6/1991,505000,1,4
2100,Funter,lun,marketer,F,8/14/1947,610000,2,4
83,Cickchak,Essarni,maintenance,M,5/6/1991,625000,2,3
158,Funter,Pernal,marketer,F,10/18/1997,385000,3,1
1197,umar,dahri,real state agent,M,3/6/1997,365000,2,3
2335,dingdong,ibleees,managment,M,5/25/1997,500000,3,3
50,Park,Bakra,managment,F,3/6/1997,330000,3,4
728,Park,THota,maintenance,M,10/18/1997,75000,2,1
2578,tikka,junejo,marketer,M,10/18/1997,335000,1,5
2692,Funter,peerzada,security,F,3/24/1993,710000,1,1
2353,Junoob,THota,accountant,F,5/25/1997,105000,2,1
265,umar,ibleees,maintenance,F,10/18/1997,65000,3,2
2287,umar,lun,maintenance,F,5/6/1991,980000,3,5
2538,Funter,khawajaa,real state agent,M,3/6/1997,980000,1,1
116,tikka,qureshi,maintenance,M,6/2/1971,70000,2,5
2087,chamcham,Kinara,marketer,F,5/25/1997,395000,3,2
2946,Sin,lun,managment,M,3/24/1993,310000,1,1
2743,umar,qureshi,maintenance,M,5/25/1997,860000,2,5
1825,umar,Kinara,security,F,10/18/1997,630000,1,5
563,umar,dahri,real state agent,F,5/6/1991,280000,1,1
24,chamiyaaa,qureshi,security,M,3/24/1993,620000,2,2
2631,chamcham,junejo,security,M,6/2/1971,140000,3,3
682,chutiyaa,peerzada,real state agent,M,5/25/1997,650000,3,3
136,chutiyaa,qureshi,security,F,5/6/1991,275000,2,3
537,Sanab,Pernal,managment,M,3/24/1993,835000,1,3
2177,chutiyaa,qureshi,accountant,F,10/18/1997,760000,2,4
20,chamcham,junejo,accountant,M,6/2/1971,580000,3,4
1876,Cickchak,qureshi,maintenance,F,10/18/1997,770000,1,1
1175,Bharat,Kinara,maintenance,M,8/14/1947,560000,2,3
220,charsi,Chait,marketer,F,5/6/1991,915000,2,4
25,Sanab,lun,managment,F,3/24/1993,955000,2,5
2759,Junoob,Kinara,managment,M,9/1/1999,965000,2,5
92,Sanab,Pernal,real state agent,M,9/1/1999,190000,3,3
829,Junoob,Chauy,security,F,10/18/1997,695000,1,2
2656,Park,mooror,real state agent,M,8/14/1947,515000,1,3
2252,Sin,ibleees,security,M,10/18/1997,855000,1,3
2218,ammar,Mukher,security,F,6/2/1971,505000,2,1
597,chamcham,dahri,real state agent,F,5/25/1997,145000,2,4
2718,charsi,Essarni,maintenance,M,3/24/1993,470000,2,5
178,Bravo,KRUSE,accountant,M,3/6/1997,840000,1,1
2854,dingdong,peerzada,accountant,M,6/2/1971,900000,3,5
2243,Bravo,KRUSE,marketer,F,9/1/1999,325000,1,4
2859,chutiyaa,Chait,real state agent,F,9/1/1999,440000,2,3
219,umar,Chauy,managment,F,6/2/1971,825000,2,5
1365,slanty,khawajaa,accountant,F,5/6/1991,505000,1,3
910,Park,khawajaa,real state agent,M,10/18/1997,835000,1,4
1110,Sanab,THota,security,M,9/1/1999,555000,3,3
361,Funter,mooror,security,F,3/6/1997,435000,3,5
1843,dingdong,baloch,accountant,M,5/6/1991,665000,1,2
2521,Cickchak,Essarni,real state agent,F,5/6/1991,230000,3,5
744,Bravo,Chait,maintenance,F,6/2/1971,375000,2,2
155,Bravo,lun,managment,M,5/6/1991,280000,2,1
974,Park,khawajaa,real state agent,M,5/6/1991,460000,2,1
233,Funter,lun,security,M,3/24/1993,640000,2,4
2966,Sin,qureshi,managment,M,5/6/1991,310000,1,4
276,malai,Mukher,managment,M,8/14/1947,35000,3,1
2461,slanty,KRUSE,security,M,3/6/1997,95000,1,5
90,Cickchak,Bakra,managment,F,5/25/1997,955000,1,3
2666,Funter,qureshi,real state agent,M,5/25/1997,705000,3,5
58,Sanab,THota,real state agent,M,5/25/1997,275000,3,5
1134,Sanab,Mukher,accountant,F,10/18/1997,300000,2,5
2638,umar,ibleees,real state agent,F,5/25/1997,695000,2,1
933,slanty,Kinara,real state agent,M,8/14/1947,550000,1,3
2327,slanty,Chait,real state agent,F,9/1/1999,715000,3,2
265,chutiyaa,Pernal,real state agent,M,3/6/1997,805000,3,4
2186,dingdong,THota,maintenance,M,10/18/1997,470000,2,3
557,Bravo,Essarni,security,F,8/14/1947,465000,2,2
2900,Sanab,lun,marketer,F,3/6/1997,665000,3,3
816,Mark,dahri,security,F,5/25/1997,925000,3,3
2270,Park,Bakra,marketer,F,10/18/1997,970000,1,4
1557,Bravo,junejo,security,M,8/14/1947,515000,2,4
1332,charsi,junejo,maintenance,F,10/18/1997,635000,3,2
2995,chamiyaaa,lun,accountant,M,8/14/1947,590000,2,2
2832,umar,lun,maintenance,F,3/24/1993,910000,1,5
1917,Bharat,KRUSE,security,F,5/25/1997,695000,3,5
132,chamiyaaa,khawajaa,real state agent,F,3/6/1997,195000,3,4
416,Sanab,baloch,real state agent,M,10/18/1997,615000,3,5
1465,slanty,khawajaa,managment,M,6/2/1971,980000,1,3
1885,Park,Pernal,accountant,F,5/6/1991,150000,1,5
2527,Sin,khawajaa,accountant,F,3/24/1993,35000,1,1
612,Sanab,lun,accountant,M,9/1/1999,165000,1,2
214,umar,Pernal,real state agent,F,6/2/1971,515000,1,3
1353,Bharat,KRUSE,real state agent,F,5/6/1991,550000,3,2
1553,Cickchak,THota,managment,M,3/6/1997,985000,1,2
2025,chamiyaaa,lun,marketer,F,6/2/1971,180000,3,5
1850,charsi,dahri,security,F,9/1/1999,445000,3,3
394,umar,junejo,security,M,3/6/1997,330000,1,3
454,Funter,Bakra,security,M,5/25/1997,915000,2,1
2664,umar,Pernal,real state agent,F,5/25/1997,890000,2,3
531,chutiyaa,peerzada,real state agent,F,5/6/1991,80000,2,1
2768,chamcham,Essarni,managment,M,5/25/1997,555000,2,5
92,Mark,qureshi,real state agent,F,3/24/1993,850000,1,4
1274,charsi,Pernal,maintenance,M,10/18/1997,280000,2,5
1637,Bravo,lun,marketer,F,3/6/1997,340000,1,1
1708,chamcham,ibleees,security,F,5/6/1991,880000,2,5
1299,Bravo,Essarni,security,F,6/2/1971,30000,2,3
126,dingdong,dahri,real state agent,F,8/14/1947,195000,2,4
1193,malai,junejo,real state agent,M,3/6/1997,160000,2,4
1568,Cickchak,Bakra,managment,F,10/18/1997,205000,3,3
840,Mark,KRUSE,real state agent,F,8/14/1947,410000,3,5
1449,chutiyaa,peerzada,accountant,M,9/1/1999,960000,3,3
1584,Cickchak,THota,managment,F,9/1/1999,820000,3,4
2122,tikka,peerzada,security,M,3/24/1993,930000,2,2
70,Park,Mukher,marketer,M,3/6/1997,165000,1,4
942,Funter,junejo,accountant,F,10/18/1997,845000,2,4
122,chutiyaa,peerzada,security,F,5/25/1997,75000,2,2
2580,dingdong,khawajaa,security,M,5/25/1997,350000,1,3
2853,Park,Bakra,managment,F,8/14/1947,210000,1,4
563,malai,Bakra,managment,F,3/24/1993,960000,3,3
2372,Park,Mukher,security,M,8/14/1947,995000,2,2
1196,umar,mooror,security,F,5/6/1991,455000,2,5
703,Bravo,THota,managment,M,3/6/1997,295000,3,5
2719,charsi,Pernal,marketer,M,3/24/1993,415000,3,1
1500,Bravo,dahri,real state agent,F,8/14/1947,180000,1,5
60,Junoob,Bakra,real state agent,M,9/1/1999,935000,1,1
780,Bravo,lun,security,M,10/18/1997,510000,1,4
2558,chutiyaa,baloch,real state agent,F,8/14/1947,340000,2,2
1987,slanty,qureshi,managment,F,3/6/1997,700000,1,5
747,charsi,baloch,maintenance,M,3/6/1997,330000,1,4
525,Junoob,Kinara,accountant,M,5/25/1997,390000,2,5
1281,tikka,Chauy,marketer,M,3/24/1993,135000,1,3
2594,Junoob,junejo,real state agent,F,10/18/1997,930000,1,4
59,umar,ibleees,maintenance,M,3/6/1997,310000,2,4
504,Cickchak,baloch,security,M,6/2/1971,790000,2,1
2113,chamiyaaa,baloch,real state agent,F,5/25/1997,855000,2,2
947,malai,Chauy,security,M,6/2/1971,985000,1,3
888,chamcham,Kinara,real state agent,F,5/6/1991,290000,2,5
250,Bravo,mooror,maintenance,M,5/6/1991,440000,2,5
970,umar,Pernal,managment,M,3/24/1993,395000,2,1
2406,Mark,khawajaa,marketer,F,6/2/1971,740000,1,2
2399,slanty,THota,security,F,9/1/1999,365000,1,2
2391,umar,Bakra,accountant,F,8/14/1947,640000,3,2
698,ammar,Kinara,real state agent,F,10/18/1997,755000,3,1
541,ammar,Essarni,accountant,F,5/25/1997,990000,3,1
141,Junoob,dahri,managment,F,3/24/1993,725000,2,3
2006,umar,baloch,managment,F,5/6/1991,220000,3,2
1719,Park,mooror,real state agent,M,3/24/1993,960000,1,1
2186,malai,peerzada,security,F,3/24/1993,40000,3,2
621,Mark,lun,maintenance,M,3/6/1997,950000,3,3
113,chamiyaaa,KRUSE,real state agent,F,3/24/1993,740000,1,1
82,malai,Mukher,accountant,M,10/18/1997,525000,2,4
715,Cickchak,Chait,maintenance,M,5/6/1991,105000,1,5
552,Sanab,Chait,marketer,F,3/6/1997,565000,3,2
431,dingdong,KRUSE,managment,M,9/1/1999,750000,3,1
2089,Junoob,Pernal,accountant,M,5/25/1997,870000,2,3
2072,chamcham,lun,security,F,9/1/1999,55000,1,1
2438,malai,ibleees,managment,F,6/2/1971,525000,2,5
2016,chamiyaaa,KRUSE,maintenance,M,6/2/1971,35000,3,3
1743,Park,khawajaa,maintenance,M,9/1/1999,990000,3,5
963,Park,Bakra,real state agent,F,3/6/1997,595000,3,3
1227,chamcham,THota,accountant,M,10/18/1997,940000,1,3
1887,chamiyaaa,dahri,marketer,M,3/6/1997,890000,2,3
186,Mark,Kinara,marketer,M,9/1/1999,880000,2,3
421,charsi,baloch,marketer,F,3/24/1993,130000,2,2
1508,slanty,Bakra,marketer,M,5/6/1991,395000,1,5
118,charsi,peerzada,managment,M,10/18/1997,950000,3,1
710,chamiyaaa,KRUSE,security,F,3/6/1997,575000,2,1
1118,charsi,Chait,managment,M,3/6/1997,930000,2,4
456,Park,Mukher,accountant,M,10/18/1997,530000,2,3
1876,Funter,qureshi,maintenance,F,5/6/1991,165000,3,5
498,umar,qureshi,real state agent,M,5/25/1997,175000,3,4
413,chutiyaa,Chauy,managment,M,5/25/1997,175000,2,1
